topology_id,source,regulator_count,qc_tier,n_trained_perms,best_perm_by_r2,circuit_r2_at_A,best_perm_by_max_circuit,max_circuit_at_B,best_design_toxicity_at_B,best_design_assignment,best_design_part_names,best_perm_by_top5_mean,top5_mean_at_C,agreement_AB,agreement_AC,agreement_BC,agreement_ABC,per_perm_compact
deab6c1f,"['0x2B', '0x4D', '0x71']",4,A1,2,0,0.9194656455162004,1,153.27261352539062,0.7206032872200012,"[4, 19, 14, 11]","[""BM3R1/B2"", ""SrpR/S4"", ""QacR/Q1"", ""PhlF/P2""]",1,123.1607879638672,False,False,True,False,"[{""perm"": 0, ""r2"": 0.9195, ""maxc"": 78.3224, ""topK"": 67.7228}, {""perm"": 1, ""r2"": 0.907, ""maxc"": 153.2726, ""topK"": 123.1608}]"
ea89a821,"['0x2B', '0x4D', '0x71']",4,A2,1,0,0.8147227873352525,0,56.149009704589844,0.4607956111431122,"[2, 14, 7, 12]","[""BetI/E1"", ""QacR/Q1"", ""IcaRA/I1"", ""PhlF/P3""]",0,52.56433639526367,True,True,True,True,"[{""perm"": 0, ""r2"": 0.8147, ""maxc"": 56.149, ""topK"": 52.5643}]"
e4c14f22,"['0x2B', '0x4D', '0x71']",5,A1,1,0,0.9308204249840102,0,131.89598083496094,0.7018843293190002,"[14, 19, 11, 1, 2]","[""QacR/Q1"", ""SrpR/S4"", ""PhlF/P2"", ""AmtR/A1"", ""BetI/E1""]",0,123.5325942993164,True,True,True,True,"[{""perm"": 0, ""r2"": 0.9308, ""maxc"": 131.896, ""topK"": 123.5326}]"
1df1418f,"['0x2B', '0x4D']",6,A1,1,1,0.9463759737821028,1,171.09815979003906,0.5877062082290649,"[1, 14, 4, 19, 13, 11]","[""AmtR/A1"", ""QacR/Q1"", ""BM3R1/B2"", ""SrpR/S4"", ""PsrA/R1"", ""PhlF/P2""]",1,154.32413635253906,True,True,True,True,"[{""perm"": 1, ""r2"": 0.9464, ""maxc"": 171.0982, ""topK"": 154.3241}]"
1e873b88,0x2B,6,A1,1,0,0.953709779182103,0,106.58386993408203,0.42619040608406067,"[1, 14, 19, 7, 13, 11]","[""AmtR/A1"", ""QacR/Q1"", ""SrpR/S4"", ""IcaRA/I1"", ""PsrA/R1"", ""PhlF/P2""]",0,96.44549560546875,True,True,True,True,"[{""perm"": 0, ""r2"": 0.9537, ""maxc"": 106.5839, ""topK"": 96.4455}]"
2d1a0fd5,"['0x2B', '0x4D', '0x71']",6,A1,2,0,0.9670395991387984,1,181.34957885742188,0.5884130001068115,"[1, 14, 11, 13, 2, 5]","[""AmtR/A1"", ""QacR/Q1"", ""PhlF/P2"", ""PsrA/R1"", ""BetI/E1"", ""BM3R1/B3""]",1,168.96026611328125,False,False,True,False,"[{""perm"": 0, ""r2"": 0.967, ""maxc"": 176.1898, ""topK"": 156.7904}, {""perm"": 1, ""r2"": 0.9572, ""maxc"": 181.3496, ""topK"": 168.9603}]"
3ff42dea,0x2B,6,A1,1,1,0.9027681651871474,1,644.4579467773438,0.556826651096344,"[11, 18, 2, 4, 14, 13]","[""PhlF/P2"", ""SrpR/S3"", ""BetI/E1"", ""BM3R1/B2"", ""QacR/Q1"", ""PsrA/R1""]",1,601.4975219726563,True,True,True,True,"[{""perm"": 1, ""r2"": 0.9028, ""maxc"": 644.4579, ""topK"": 601.4975}]"
461f6e8c,"['0x2B', '0x4D', '0x71']",6,A1,1,1,0.95961899693202,1,261.1794128417969,0.6448805928230286,"[11, 1, 14, 13, 19, 2]","[""PhlF/P2"", ""AmtR/A1"", ""QacR/Q1"", ""PsrA/R1"", ""SrpR/S4"", ""BetI/E1""]",1,250.77333374023436,True,True,True,True,"[{""perm"": 1, ""r2"": 0.9596, ""maxc"": 261.1794, ""topK"": 250.7733}]"
02d9736d,"['0x2B', '0x4D', '0x71']",7,A1,1,0,0.9358731108243948,0,161.6008758544922,0.5504685044288635,"[1, 14, 17, 4, 2, 13, 11]","[""AmtR/A1"", ""QacR/Q1"", ""SrpR/S2"", ""BM3R1/B2"", ""BetI/E1"", ""PsrA/R1"", ""PhlF/P2""]",0,130.75719146728517,True,True,True,True,"[{""perm"": 0, ""r2"": 0.9359, ""maxc"": 161.6009, ""topK"": 130.7572}]"
076cf7ed,"['0x2B', '0x4D']",7,A2,1,1,0.8388372106332934,1,105.93011474609375,0.4926009774208069,"[1, 7, 2, 15, 13, 11, 5]","[""AmtR/A1"", ""IcaRA/I1"", ""BetI/E1"", ""QacR/Q2"", ""PsrA/R1"", ""PhlF/P2"", ""BM3R1/B3""]",1,96.90096282958984,True,True,True,True,"[{""perm"": 1, ""r2"": 0.8388, ""maxc"": 105.9301, ""topK"": 96.901}]"
186e103b,0x2B,7,A1,2,0,0.956096695991349,0,114.14624786376953,0.3821386694908142,"[14, 2, 19, 11, 8, 7, 13]","[""QacR/Q1"", ""BetI/E1"", ""SrpR/S4"", ""PhlF/P2"", ""LitR/L1"", ""IcaRA/I1"", ""PsrA/R1""]",1,96.7457290649414,True,False,False,False,"[{""perm"": 0, ""r2"": 0.9561, ""maxc"": 114.1462, ""topK"": 92.6548}, {""perm"": 1, ""r2"": 0.9517, ""maxc"": 107.5126, ""topK"": 96.7457}]"
1f7306eb,"['0x2B', '0x71']",7,A1,2,0,0.9529134893712066,0,52.73876953125,0.45305296778678894,"[5, 13, 1, 2, 14, 7, 12]","[""BM3R1/B3"", ""PsrA/R1"", ""AmtR/A1"", ""BetI/E1"", ""QacR/Q1"", ""IcaRA/I1"", ""PhlF/P3""]",0,49.38357925415039,True,True,True,True,"[{""perm"": 0, ""r2"": 0.9529, ""maxc"": 52.7388, ""topK"": 49.3836}, {""perm"": 1, ""r2"": 0.9508, ""maxc"": 51.6738, ""topK"": 45.6565}]"
2905552f,"['0x2B', '0x4D', '0x71']",7,A1,1,0,0.8971908819944397,0,467.09222412109375,0.6508010625839233,"[11, 5, 1, 15, 16, 13, 2]","[""PhlF/P2"", ""BM3R1/B3"", ""AmtR/A1"", ""QacR/Q2"", ""SrpR/S1"", ""PsrA/R1"", ""BetI/E1""]",0,404.950341796875,True,True,True,True,"[{""perm"": 0, ""r2"": 0.8972, ""maxc"": 467.0922, ""topK"": 404.9503}]"
4ca37011,0x17,5,A1,4,5,0.94614207147647,5,152.05889892578125,0.6386843323707581,"[1, 2, 13, 11, 14]","[""AmtR/A1"", ""BetI/E1"", ""PsrA/R1"", ""PhlF/P2"", ""QacR/Q1""]",5,146.540478515625,True,True,True,True,"[{""perm"": 2, ""r2"": 0.9216, ""maxc"": 66.6195, ""topK"": 61.6123}, {""perm"": 3, ""r2"": 0.9213, ""maxc"": 96.7467, ""topK"": 83.2458}, {""perm"": 4, ""r2"": 0.9309, ""maxc"": 150.979, ""topK"": 145.8474}, {""perm"": 5, ""r2"": 0.9461, ""maxc"": 152.0589, ""topK"": 146.5405}]"
4e6f5b1a,0x17,5,A1,2,1,0.911527646768452,0,117.73743438720703,0.581407368183136,"[14, 11, 13, 2, 18]","[""QacR/Q1"", ""PhlF/P2"", ""PsrA/R1"", ""BetI/E1"", ""SrpR/S3""]",0,110.16267547607421,False,False,True,False,"[{""perm"": 0, ""r2"": 0.8828, ""maxc"": 117.7374, ""topK"": 110.1627}, {""perm"": 1, ""r2"": 0.9115, ""maxc"": 85.8165, ""topK"": 77.7003}]"
96cc1443,0x17,5,A1,4,2,0.957535143628514,0,108.15819549560547,0.45731431245803833,"[14, 18, 11, 2, 7]","[""QacR/Q1"", ""SrpR/S3"", ""PhlF/P2"", ""BetI/E1"", ""IcaRA/I1""]",0,105.61162414550782,False,False,True,False,"[{""perm"": 0, ""r2"": 0.9383, ""maxc"": 108.1582, ""topK"": 105.6116}, {""perm"": 1, ""r2"": 0.9368, ""maxc"": 107.4512, ""topK"": 101.1305}, {""perm"": 2, ""r2"": 0.9575, ""maxc"": 98.5644, ""topK"": 95.6446}, {""perm"": 3, ""r2"": 0.9104, ""maxc"": 101.1782, ""topK"": 95.2345}]"
a512820e,0x17,6,A1,2,1,0.9892548848873088,1,144.73617553710938,0.4162609279155731,"[14, 11, 2, 3, 19, 7]","[""QacR/Q1"", ""PhlF/P2"", ""BetI/E1"", ""BM3R1/B1"", ""SrpR/S4"", ""IcaRA/I1""]",1,142.54102172851563,True,True,True,True,"[{""perm"": 1, ""r2"": 0.9893, ""maxc"": 144.7362, ""topK"": 142.541}, {""perm"": 3, ""r2"": 0.9806, ""maxc"": 125.993, ""topK"": 123.6712}]"
a60f23fb,0x17,6,A1,2,4,0.9842611387537474,4,121.12090301513672,0.5448748469352722,"[14, 1, 11, 4, 19, 13]","[""QacR/Q1"", ""AmtR/A1"", ""PhlF/P2"", ""BM3R1/B2"", ""SrpR/S4"", ""PsrA/R1""]",4,119.09355773925782,True,True,True,True,"[{""perm"": 2, ""r2"": 0.9791, ""maxc"": 103.5691, ""topK"": 101.0203}, {""perm"": 4, ""r2"": 0.9843, ""maxc"": 121.1209, ""topK"": 119.0936}]"
acfb5670,0x17,6,A1,4,1,0.9887387592143716,4,131.02947998046875,0.5296260714530945,"[14, 1, 11, 18, 2, 5]","[""QacR/Q1"", ""AmtR/A1"", ""PhlF/P2"", ""SrpR/S3"", ""BetI/E1"", ""BM3R1/B3""]",4,125.44668884277344,False,False,True,False,"[{""perm"": 1, ""r2"": 0.9887, ""maxc"": 122.403, ""topK"": 120.5242}, {""perm"": 3, ""r2"": 0.9809, ""maxc"": 108.4911, ""topK"": 107.2932}, {""perm"": 4, ""r2"": 0.9847, ""maxc"": 131.0295, ""topK"": 125.4467}, {""perm"": 5, ""r2"": 0.9676, ""maxc"": 103.7007, ""topK"": 100.6593}]"
b466eedb,0x17,6,A1,4,4,0.9896042054290524,4,119.6919937133789,0.5821363925933838,"[14, 2, 11, 1, 13, 17]","[""QacR/Q1"", ""BetI/E1"", ""PhlF/P2"", ""AmtR/A1"", ""PsrA/R1"", ""SrpR/S2""]",4,117.4931640625,True,True,True,True,"[{""perm"": 1, ""r2"": 0.9888, ""maxc"": 111.0653, ""topK"": 109.3502}, {""perm"": 2, ""r2"": 0.9862, ""maxc"": 115.651, ""topK"": 113.3356}, {""perm"": 3, ""r2"": 0.9864, ""maxc"": 104.3183, ""topK"": 102.7064}, {""perm"": 4, ""r2"": 0.9896, ""maxc"": 119.692, ""topK"": 117.4932}]"
00930f32,0x17,7,A1,4,2,0.9339457886683732,0,119.1279525756836,0.4232296645641327,"[2, 14, 7, 11, 5, 1, 18]","[""BetI/E1"", ""QacR/Q1"", ""IcaRA/I1"", ""PhlF/P2"", ""BM3R1/B3"", ""AmtR/A1"", ""SrpR/S3""]",0,98.72837524414062,False,False,True,False,"[{""perm"": 0, ""r2"": 0.9057, ""maxc"": 119.128, ""topK"": 98.7284}, {""perm"": 2, ""r2"": 0.9339, ""maxc"": 80.4854, ""topK"": 76.2061}, {""perm"": 4, ""r2"": 0.8922, ""maxc"": 93.1712, ""topK"": 83.0134}, {""perm"": 5, ""r2"": 0.931, ""maxc"": 94.0763, ""topK"": 82.7169}]"
022059b9,0x17,7,A1,2,1,0.9255601168411982,3,112.33363342285156,0.4289356470108032,"[14, 2, 7, 11, 13, 5, 1]","[""QacR/Q1"", ""BetI/E1"", ""IcaRA/I1"", ""PhlF/P2"", ""PsrA/R1"", ""BM3R1/B3"", ""AmtR/A1""]",3,95.42138977050782,False,False,True,False,"[{""perm"": 1, ""r2"": 0.9256, ""maxc"": 94.7711, ""topK"": 89.0201}, {""perm"": 3, ""r2"": 0.9136, ""maxc"": 112.3336, ""topK"": 95.4214}]"
024eae69,0x17,7,A1,2,3,0.9577078639889964,5,70.92236328125,0.7140499353408813,"[19, 1, 2, 5, 15, 13, 11]","[""SrpR/S4"", ""AmtR/A1"", ""BetI/E1"", ""BM3R1/B3"", ""QacR/Q2"", ""PsrA/R1"", ""PhlF/P2""]",5,63.56562881469726,False,False,True,False,"[{""perm"": 3, ""r2"": 0.9577, ""maxc"": 55.2706, ""topK"": 52.4068}, {""perm"": 5, ""r2"": 0.9036, ""maxc"": 70.9224, ""topK"": 63.5656}]"
032fb3a9,0x17,7,A1,2,4,0.9256539487105032,5,107.38685607910156,0.4148430824279785,"[7, 1, 2, 19, 14, 13, 11]","[""IcaRA/I1"", ""AmtR/A1"", ""BetI/E1"", ""SrpR/S4"", ""QacR/Q1"", ""PsrA/R1"", ""PhlF/P2""]",5,103.7582794189453,False,False,True,False,"[{""perm"": 4, ""r2"": 0.9257, ""maxc"": 105.5685, ""topK"": 94.1428}, {""perm"": 5, ""r2"": 0.8713, ""maxc"": 107.3869, ""topK"": 103.7583}]"
048334c7,0x17,7,A1,1,0,0.969622650869814,0,133.96786499023438,0.3399307131767273,"[14, 7, 13, 3, 16, 2, 11]","[""QacR/Q1"", ""IcaRA/I1"", ""PsrA/R1"", ""BM3R1/B1"", ""SrpR/S1"", ""BetI/E1"", ""PhlF/P2""]",0,128.65149536132813,True,True,True,True,"[{""perm"": 0, ""r2"": 0.9696, ""maxc"": 133.9679, ""topK"": 128.6515}]"
00a8f4fe,0x6D,7,A1,1,0,0.9604976679097704,0,42.374916076660156,0.4452977180480957,"[7, 18, 1, 2, 11, 13, 15]","[""IcaRA/I1"", ""SrpR/S3"", ""AmtR/A1"", ""BetI/E1"", ""PhlF/P2"", ""PsrA/R1"", ""QacR/Q2""]",0,38.4892578125,True,True,True,True,"[{""perm"": 0, ""r2"": 0.9605, ""maxc"": 42.3749, ""topK"": 38.4893}]"
62c3e40b,0x6D,7,A1,2,0,0.9602780707314414,1,32.60371398925781,0.49676528573036194,"[1, 4, 18, 11, 13, 2, 14]","[""AmtR/A1"", ""BM3R1/B2"", ""SrpR/S3"", ""PhlF/P2"", ""PsrA/R1"", ""BetI/E1"", ""QacR/Q1""]",1,31.086189651489256,False,False,True,False,"[{""perm"": 0, ""r2"": 0.9603, ""maxc"": 27.9617, ""topK"": 24.9098}, {""perm"": 1, ""r2"": 0.9461, ""maxc"": 32.6037, ""topK"": 31.0862}]"
a33c0bce,0x6D,7,A1,2,0,0.9591874438760918,0,38.39152526855469,0.5909510254859924,"[17, 14, 2, 13, 1, 12, 3]","[""SrpR/S2"", ""QacR/Q1"", ""BetI/E1"", ""PsrA/R1"", ""AmtR/A1"", ""PhlF/P3"", ""BM3R1/B1""]",0,36.25833587646484,True,True,True,True,"[{""perm"": 0, ""r2"": 0.9592, ""maxc"": 38.3915, ""topK"": 36.2583}, {""perm"": 1, ""r2"": 0.9473, ""maxc"": 38.3864, ""topK"": 36.226}]"
a56bf54d,0x6D,7,A1,2,1,0.9575244634423488,0,39.01609802246094,0.49279144406318665,"[19, 1, 7, 13, 2, 15, 12]","[""SrpR/S4"", ""AmtR/A1"", ""IcaRA/I1"", ""PsrA/R1"", ""BetI/E1"", ""QacR/Q2"", ""PhlF/P3""]",0,35.99779586791992,False,False,True,False,"[{""perm"": 0, ""r2"": 0.9447, ""maxc"": 39.0161, ""topK"": 35.9978}, {""perm"": 1, ""r2"": 0.9575, ""maxc"": 28.9498, ""topK"": 27.2326}]"
a987d27b,0x6D,7,A1,2,0,0.9538810958695424,1,39.315853118896484,0.41639426350593567,"[2, 19, 14, 3, 7, 13, 11]","[""BetI/E1"", ""SrpR/S4"", ""QacR/Q1"", ""BM3R1/B1"", ""IcaRA/I1"", ""PsrA/R1"", ""PhlF/P2""]",1,35.95139923095703,False,False,True,False,"[{""perm"": 0, ""r2"": 0.9539, ""maxc"": 38.0483, ""topK"": 34.8679}, {""perm"": 1, ""r2"": 0.9529, ""maxc"": 39.3159, ""topK"": 35.9514}]"
03b5c679,0xEE,4,A1,1,1,0.9591365361055952,1,1236.4041748046875,0.7734704613685608,"[1, 5, 16, 11]","[""AmtR/A1"", ""BM3R1/B3"", ""SrpR/S1"", ""PhlF/P2""]",1,1206.5431884765626,True,True,True,True,"[{""perm"": 1, ""r2"": 0.9591, ""maxc"": 1236.4042, ""topK"": 1206.5432}]"
0c2c6466,0xEE,4,A1,1,0,0.9695191047092954,0,460.8984375,0.6785799860954285,"[16, 15, 11, 13]","[""SrpR/S1"", ""QacR/Q2"", ""PhlF/P2"", ""PsrA/R1""]",0,456.28956909179686,True,True,True,True,"[{""perm"": 0, ""r2"": 0.9695, ""maxc"": 460.8984, ""topK"": 456.2896}]"
0dc43646,0xEE,4,A1,1,1,0.9619485124743296,1,805.0999145507812,0.5434110760688782,"[1, 7, 16, 11]","[""AmtR/A1"", ""IcaRA/I1"", ""SrpR/S1"", ""PhlF/P2""]",1,773.7343505859375,True,True,True,True,"[{""perm"": 1, ""r2"": 0.9619, ""maxc"": 805.0999, ""topK"": 773.7344}]"
1b87f351,0xEE,4,A1,2,0,0.9479601035458204,1,689.8351440429688,0.5558979511260986,"[11, 7, 3, 1]","[""PhlF/P2"", ""IcaRA/I1"", ""BM3R1/B1"", ""AmtR/A1""]",1,653.2684692382812,False,False,True,False,"[{""perm"": 0, ""r2"": 0.948, ""maxc"": 348.2259, ""topK"": 343.8281}, {""perm"": 1, ""r2"": 0.9342, ""maxc"": 689.8351, ""topK"": 653.2685}]"
20e11378,0xEE,4,A1,1,1,0.9631193446740116,1,395.7603454589844,0.6489612460136414,"[11, 1, 16, 13]","[""PhlF/P2"", ""AmtR/A1"", ""SrpR/S1"", ""PsrA/R1""]",1,380.1017150878906,True,True,True,True,"[{""perm"": 1, ""r2"": 0.9631, ""maxc"": 395.7603, ""topK"": 380.1017}]"
0367de62,0xEE,5,A1,1,1,0.9847651967459936,1,388.3616943359375,0.6446883678436279,"[11, 13, 0, 9, 3]","[""PhlF/P2"", ""PsrA/R1"", ""AmeR/F1"", ""LmrA/N1"", ""BM3R1/B1""]",1,385.14691162109375,True,True,True,True,"[{""perm"": 1, ""r2"": 0.9848, ""maxc"": 388.3617, ""topK"": 385.1469}]"
0392d2d2,0xEE,5,A1,1,1,0.9777282560269098,1,1131.9178466796875,0.5377612709999084,"[14, 8, 0, 16, 11]","[""QacR/Q1"", ""LitR/L1"", ""AmeR/F1"", ""SrpR/S1"", ""PhlF/P2""]",1,1126.6672607421874,True,True,True,True,"[{""perm"": 1, ""r2"": 0.9777, ""maxc"": 1131.9178, ""topK"": 1126.6673}]"
127e231c,0xEE,5,A1,2,0,0.8749473076461838,1,2892.164306640625,0.7317991852760315,"[1, 16, 15, 2, 11]","[""AmtR/A1"", ""SrpR/S1"", ""QacR/Q2"", ""BetI/E1"", ""PhlF/P2""]",1,2623.055419921875,False,False,True,False,"[{""perm"": 0, ""r2"": 0.8749, ""maxc"": 2186.1096, ""topK"": 2069.9866}, {""perm"": 1, ""r2"": 0.8057, ""maxc"": 2892.1643, ""topK"": 2623.0554}]"
14ec46f1,0xEE,5,A1,2,1,0.9680997054547432,0,1345.464599609375,0.6741230487823486,"[1, 11, 16, 2, 14]","[""AmtR/A1"", ""PhlF/P2"", ""SrpR/S1"", ""BetI/E1"", ""QacR/Q1""]",0,1197.376904296875,False,False,True,False,"[{""perm"": 0, ""r2"": 0.953, ""maxc"": 1345.4646, ""topK"": 1197.3769}, {""perm"": 1, ""r2"": 0.9681, ""maxc"": 471.7244, ""topK"": 464.031}]"
1b94262d,0xEE,5,A2,1,0,0.8854872848366485,0,326.5907897949219,0.6430233120918274,"[16, 2, 14, 13, 11]","[""SrpR/S1"", ""BetI/E1"", ""QacR/Q1"", ""PsrA/R1"", ""PhlF/P2""]",0,302.91754150390625,True,True,True,True,"[{""perm"": 0, ""r2"": 0.8855, ""maxc"": 326.5908, ""topK"": 302.9175}]"
01bb328f,0xEE,6,A1,1,0,0.997530815116428,0,1171.1627197265625,0.6230453848838806,"[11, 14, 5, 0, 2, 13]","[""PhlF/P2"", ""QacR/Q1"", ""BM3R1/B3"", ""AmeR/F1"", ""BetI/E1"", ""PsrA/R1""]",0,1165.225732421875,True,True,True,True,"[{""perm"": 0, ""r2"": 0.9975, ""maxc"": 1171.1627, ""topK"": 1165.2257}]"
01f602ff,0xEE,6,A1,2,1,0.9776512170999592,1,1893.5489501953125,0.6816118359565735,"[11, 1, 15, 3, 13, 2]","[""PhlF/P2"", ""AmtR/A1"", ""QacR/Q2"", ""BM3R1/B1"", ""PsrA/R1"", ""BetI/E1""]",1,1823.0400390625,True,True,True,True,"[{""perm"": 0, ""r2"": 0.9767, ""maxc"": 1846.6417, ""topK"": 1792.2734}, {""perm"": 1, ""r2"": 0.9777, ""maxc"": 1893.549, ""topK"": 1823.04}]"
02f0b000,0xEE,6,A1,1,1,0.9973199790369724,1,1154.384521484375,0.41960182785987854,"[7, 9, 0, 14, 16, 11]","[""IcaRA/I1"", ""LmrA/N1"", ""AmeR/F1"", ""QacR/Q1"", ""SrpR/S1"", ""PhlF/P2""]",1,1153.254345703125,True,True,True,True,"[{""perm"": 1, ""r2"": 0.9973, ""maxc"": 1154.3845, ""topK"": 1153.2543}]"
043ead30,0xEE,6,A1,2,1,0.9912677704297184,0,856.3806762695312,0.7278279066085815,"[11, 3, 19, 1, 15, 13]","[""PhlF/P2"", ""BM3R1/B1"", ""SrpR/S4"", ""AmtR/A1"", ""QacR/Q2"", ""PsrA/R1""]",0,841.1224975585938,False,False,True,False,"[{""perm"": 0, ""r2"": 0.9881, ""maxc"": 856.3807, ""topK"": 841.1225}, {""perm"": 1, ""r2"": 0.9913, ""maxc"": 371.5027, ""topK"": 367.3438}]"
054721c9,0xEE,6,A1,1,1,0.9854990358553996,1,1323.424560546875,0.4869106709957123,"[8, 6, 3, 14, 16, 11]","[""LitR/L1"", ""HlyIIR/H1"", ""BM3R1/B1"", ""QacR/Q1"", ""SrpR/S1"", ""PhlF/P2""]",1,1313.901416015625,True,True,True,True,"[{""perm"": 1, ""r2"": 0.9855, ""maxc"": 1323.4246, ""topK"": 1313.9014}]"
03442896,0xEE,7,A1,2,1,0.9944193448669264,0,1192.1949462890625,0.49048900604248047,"[2, 6, 3, 14, 0, 11, 16]","[""BetI/E1"", ""HlyIIR/H1"", ""BM3R1/B1"", ""QacR/Q1"", ""AmeR/F1"", ""PhlF/P2"", ""SrpR/S1""]",0,1170.608642578125,False,False,True,False,"[{""perm"": 0, ""r2"": 0.9923, ""maxc"": 1192.1949, ""topK"": 1170.6086}, {""perm"": 1, ""r2"": 0.9944, ""maxc"": 1176.6769, ""topK"": 1169.1439}]"
069067ff,0xEE,7,A1,2,1,0.9959116715693556,0,1206.5455322265625,0.5407477021217346,"[11, 14, 0, 5, 6, 16, 1]","[""PhlF/P2"", ""QacR/Q1"", ""AmeR/F1"", ""BM3R1/B3"", ""HlyIIR/H1"", ""SrpR/S1"", ""AmtR/A1""]",0,1196.95390625,False,False,True,False,"[{""perm"": 0, ""r2"": 0.9936, ""maxc"": 1206.5455, ""topK"": 1196.9539}, {""perm"": 1, ""r2"": 0.9959, ""maxc"": 1179.7555, ""topK"": 1176.7004}]"
07012647,0xEE,7,A1,2,0,0.99609225241626,1,1236.5364990234375,0.49235376715660095,"[11, 14, 0, 3, 8, 13, 16]","[""PhlF/P2"", ""QacR/Q1"", ""AmeR/F1"", ""BM3R1/B1"", ""LitR/L1"", ""PsrA/R1"", ""SrpR/S1""]",1,1228.78046875,False,False,True,False,"[{""perm"": 0, ""r2"": 0.9961, ""maxc"": 1173.6974, ""topK"": 1160.8114}, {""perm"": 1, ""r2"": 0.9935, ""maxc"": 1236.5365, ""topK"": 1228.7805}]"
08077746,0xEE,7,A1,2,1,0.995015459834778,1,1253.8465576171875,0.5302696824073792,"[11, 14, 6, 5, 1, 9, 16]","[""PhlF/P2"", ""QacR/Q1"", ""HlyIIR/H1"", ""BM3R1/B3"", ""AmtR/A1"", ""LmrA/N1"", ""SrpR/S1""]",1,1222.372607421875,True,True,True,True,"[{""perm"": 0, ""r2"": 0.9937, ""maxc"": 1153.5223, ""topK"": 1143.3598}, {""perm"": 1, ""r2"": 0.995, ""maxc"": 1253.8466, ""topK"": 1222.3726}]"
08c0d645,0xEE,7,A1,2,1,0.9775483527737102,0,2096.33837890625,0.6659331321716309,"[11, 5, 15, 13, 1, 2, 0]","[""PhlF/P2"", ""BM3R1/B3"", ""QacR/Q2"", ""PsrA/R1"", ""AmtR/A1"", ""BetI/E1"", ""AmeR/F1""]",0,2058.0789306640627,False,False,True,False,"[{""perm"": 0, ""r2"": 0.9759, ""maxc"": 2096.3384, ""topK"": 2058.0789}, {""perm"": 1, ""r2"": 0.9775, ""maxc"": 1018.2203, ""topK"": 992.2467}]"
0e00a42e,0x4D,6,A1,2,0,0.9678853577179198,0,105.57746124267578,0.651962161064148,"[2, 14, 11, 4, 1, 17]","[""BetI/E1"", ""QacR/Q1"", ""PhlF/P2"", ""BM3R1/B2"", ""AmtR/A1"", ""SrpR/S2""]",0,101.40630187988282,True,True,True,True,"[{""perm"": 0, ""r2"": 0.9679, ""maxc"": 105.5775, ""topK"": 101.4063}, {""perm"": 1, ""r2"": 0.9672, ""maxc"": 103.115, ""topK"": 95.2778}]"
0973762a,0x4D,7,A1,2,1,0.9486903511121858,0,86.3969955444336,0.5719010829925537,"[2, 13, 14, 16, 4, 1, 11]","[""BetI/E1"", ""PsrA/R1"", ""QacR/Q1"", ""SrpR/S1"", ""BM3R1/B2"", ""AmtR/A1"", ""PhlF/P2""]",0,80.57102508544922,False,False,True,False,"[{""perm"": 0, ""r2"": 0.9485, ""maxc"": 86.397, ""topK"": 80.571}, {""perm"": 1, ""r2"": 0.9487, ""maxc"": 68.6606, ""topK"": 63.8664}]"
0b104926,0x4D,7,A1,2,1,0.948521621086678,1,81.44721984863281,0.4100377559661865,"[2, 14, 4, 16, 1, 7, 11]","[""BetI/E1"", ""QacR/Q1"", ""BM3R1/B2"", ""SrpR/S1"", ""AmtR/A1"", ""IcaRA/I1"", ""PhlF/P2""]",1,68.56917724609374,True,True,True,True,"[{""perm"": 0, ""r2"": 0.9403, ""maxc"": 75.8003, ""topK"": 63.4689}, {""perm"": 1, ""r2"": 0.9485, ""maxc"": 81.4472, ""topK"": 68.5692}]"
121452f9,0xCC,4,A1,2,0,0.9900720658344608,1,2773.349609375,0.7793875932693481,"[16, 13, 2, 4]","[""SrpR/S1"", ""PsrA/R1"", ""BetI/E1"", ""BM3R1/B2""]",1,2768.067333984375,False,False,True,False,"[{""perm"": 0, ""r2"": 0.9901, ""maxc"": 2373.0715, ""topK"": 2328.96}, {""perm"": 1, ""r2"": 0.9705, ""maxc"": 2773.3496, ""topK"": 2768.0673}]"
0489dcd5,0xCC,5,A1,2,0,0.9559801838012052,1,3858.60791015625,0.5097505450248718,"[11, 14, 0, 16, 13]","[""PhlF/P2"", ""QacR/Q1"", ""AmeR/F1"", ""SrpR/S1"", ""PsrA/R1""]",1,3670.35146484375,False,False,True,False,"[{""perm"": 0, ""r2"": 0.956, ""maxc"": 3815.0288, ""topK"": 3548.4526}, {""perm"": 1, ""r2"": 0.9448, ""maxc"": 3858.6079, ""topK"": 3670.3515}]"
05ce3955,0xCC,5,A1,2,1,0.9264690770803206,0,3284.3291015625,0.5174791812896729,"[14, 3, 13, 16, 11]","[""QacR/Q1"", ""BM3R1/B1"", ""PsrA/R1"", ""SrpR/S1"", ""PhlF/P2""]",1,3052.758447265625,False,True,False,False,"[{""perm"": 0, ""r2"": 0.9164, ""maxc"": 3284.3291, ""topK"": 3034.5322}, {""perm"": 1, ""r2"": 0.9265, ""maxc"": 3119.062, ""topK"": 3052.7584}]"
00340848,0xCC,6,A1,2,1,0.9927335352116992,1,3321.255615234375,0.4927787482738495,"[11, 16, 13, 6, 15, 3]","[""PhlF/P2"", ""SrpR/S1"", ""PsrA/R1"", ""HlyIIR/H1"", ""QacR/Q2"", ""BM3R1/B1""]",0,3292.4328125,True,False,False,False,"[{""perm"": 0, ""r2"": 0.9919, ""maxc"": 3310.6104, ""topK"": 3292.4328}, {""perm"": 1, ""r2"": 0.9927, ""maxc"": 3321.2556, ""topK"": 3281.5983}]"
0064e4f7,0xCC,6,A1,2,1,0.9926578129953886,1,3332.815185546875,0.5286140441894531,"[11, 13, 9, 16, 0, 3]","[""PhlF/P2"", ""PsrA/R1"", ""LmrA/N1"", ""SrpR/S1"", ""AmeR/F1"", ""BM3R1/B1""]",1,3306.8439453125,True,True,True,True,"[{""perm"": 0, ""r2"": 0.9922, ""maxc"": 3303.5486, ""topK"": 3275.6157}, {""perm"": 1, ""r2"": 0.9927, ""maxc"": 3332.8152, ""topK"": 3306.8439}]"
01316716,0xCC,6,A1,2,0,0.9973519717007208,0,9252.99609375,0.4962754249572754,"[11, 13, 14, 16, 1, 3]","[""PhlF/P2"", ""PsrA/R1"", ""QacR/Q1"", ""SrpR/S1"", ""AmtR/A1"", ""BM3R1/B1""]",0,8999.353515625,True,True,True,True,"[{""perm"": 0, ""r2"": 0.9974, ""maxc"": 9252.9961, ""topK"": 8999.3535}, {""perm"": 1, ""r2"": 0.997, ""maxc"": 8955.8975, ""topK"": 8864.2139}]"
0492607b,0xCC,7,A1,2,1,0.9816902695558308,0,3434.556640625,0.5126922130584717,"[11, 14, 2, 1, 13, 16, 3]","[""PhlF/P2"", ""QacR/Q1"", ""BetI/E1"", ""AmtR/A1"", ""PsrA/R1"", ""SrpR/S1"", ""BM3R1/B1""]",0,3333.468408203125,False,False,True,False,"[{""perm"": 0, ""r2"": 0.9804, ""maxc"": 3434.5566, ""topK"": 3333.4684}, {""perm"": 1, ""r2"": 0.9817, ""maxc"": 3374.7876, ""topK"": 3312.6231}]"
11476b01,0xE8,6,A1,4,2,0.9886775403422792,2,98.11004638671875,0.651479959487915,"[13, 19, 1, 2, 14, 11]","[""PsrA/R1"", ""SrpR/S4"", ""AmtR/A1"", ""BetI/E1"", ""QacR/Q1"", ""PhlF/P2""]",2,87.42646789550781,True,True,True,True,"[{""perm"": 1, ""r2"": 0.9856, ""maxc"": 78.5733, ""topK"": 72.6559}, {""perm"": 2, ""r2"": 0.9887, ""maxc"": 98.11, ""topK"": 87.4265}, {""perm"": 3, ""r2"": 0.9842, ""maxc"": 73.5277, ""topK"": 69.1207}, {""perm"": 4, ""r2"": 0.9818, ""maxc"": 82.7719, ""topK"": 78.1929}]"
1977316a,0xE8,6,A1,4,1,0.9621484793165508,3,620.3226928710938,0.5146576166152954,"[11, 19, 13, 15, 7, 2]","[""PhlF/P2"", ""SrpR/S4"", ""PsrA/R1"", ""QacR/Q2"", ""IcaRA/I1"", ""BetI/E1""]",3,540.0830383300781,False,False,True,False,"[{""perm"": 0, ""r2"": 0.9405, ""maxc"": 424.3258, ""topK"": 396.1622}, {""perm"": 1, ""r2"": 0.9621, ""maxc"": 601.9602, ""topK"": 536.2835}, {""perm"": 2, ""r2"": 0.9405, ""maxc"": 489.101, ""topK"": 460.168}, {""perm"": 3, ""r2"": 0.9442, ""maxc"": 620.3227, ""topK"": 540.083}]"
1bb98c9c,0xE8,6,A1,2,3,0.958252760278972,3,530.666259765625,0.43325275182724,"[11, 2, 14, 7, 13, 17]","[""PhlF/P2"", ""BetI/E1"", ""QacR/Q1"", ""IcaRA/I1"", ""PsrA/R1"", ""SrpR/S2""]",3,486.83550415039065,True,True,True,True,"[{""perm"": 1, ""r2"": 0.9502, ""maxc"": 454.9847, ""topK"": 435.5129}, {""perm"": 3, ""r2"": 0.9583, ""maxc"": 530.6663, ""topK"": 486.8355}]"
1fdd9f06,0xE8,6,A1,3,2,0.9796734718099614,0,359.9957580566406,0.5876278281211853,"[13, 14, 2, 3, 1, 11]","[""PsrA/R1"", ""QacR/Q1"", ""BetI/E1"", ""BM3R1/B1"", ""AmtR/A1"", ""PhlF/P2""]",0,310.6512878417969,False,False,True,False,"[{""perm"": 0, ""r2"": 0.9462, ""maxc"": 359.9958, ""topK"": 310.6513}, {""perm"": 1, ""r2"": 0.9628, ""maxc"": 317.0294, ""topK"": 242.2473}, {""perm"": 2, ""r2"": 0.9797, ""maxc"": 169.4557, ""topK"": 154.2595}]"
039d4a44,0xE8,7,A1,4,2,0.934824149732952,0,518.7900390625,0.5335159301757812,"[11, 19, 2, 14, 3, 13, 1]","[""PhlF/P2"", ""SrpR/S4"", ""BetI/E1"", ""QacR/Q1"", ""BM3R1/B1"", ""PsrA/R1"", ""AmtR/A1""]",1,481.7055236816406,False,False,False,False,"[{""perm"": 0, ""r2"": 0.9201, ""maxc"": 518.79, ""topK"": 462.4514}, {""perm"": 1, ""r2"": 0.915, ""maxc"": 516.8401, ""topK"": 481.7055}, {""perm"": 2, ""r2"": 0.9348, ""maxc"": 387.2183, ""topK"": 376.29}, {""perm"": 4, ""r2"": 0.9165, ""maxc"": 458.6603, ""topK"": 423.4382}]"
4f845bff,0xE8,7,A1,2,3,0.9102703533688724,3,439.8122863769531,0.41600853204727173,"[11, 14, 5, 1, 2, 7, 19]","[""PhlF/P2"", ""QacR/Q1"", ""BM3R1/B3"", ""AmtR/A1"", ""BetI/E1"", ""IcaRA/I1"", ""SrpR/S4""]",3,383.9768127441406,True,True,True,True,"[{""perm"": 3, ""r2"": 0.9103, ""maxc"": 439.8123, ""topK"": 383.9768}, {""perm"": 5, ""r2"": 0.9083, ""maxc"": 352.7495, ""topK"": 333.5452}]"
810fcebd,0xE8,7,A1,3,2,0.8517675912626451,0,345.6898193359375,0.4878125786781311,"[11, 1, 2, 13, 15, 7, 17]","[""PhlF/P2"", ""AmtR/A1"", ""BetI/E1"", ""PsrA/R1"", ""QacR/Q2"", ""IcaRA/I1"", ""SrpR/S2""]",0,284.9029174804688,False,False,True,False,"[{""perm"": 0, ""r2"": 0.8441, ""maxc"": 345.6898, ""topK"": 284.9029}, {""perm"": 1, ""r2"": 0.8336, ""maxc"": 229.6465, ""topK"": 204.1258}, {""perm"": 2, ""r2"": 0.8518, ""maxc"": 257.7715, ""topK"": 219.0337}]"
e42ec999,0xE8,7,A1,4,0,0.9021368382324408,1,433.46795654296875,0.5450601577758789,"[11, 2, 1, 14, 4, 13, 18]","[""PhlF/P2"", ""BetI/E1"", ""AmtR/A1"", ""QacR/Q1"", ""BM3R1/B2"", ""PsrA/R1"", ""SrpR/S3""]",1,394.6995056152344,False,False,True,False,"[{""perm"": 0, ""r2"": 0.9021, ""maxc"": 263.2032, ""topK"": 251.5876}, {""perm"": 1, ""r2"": 0.8983, ""maxc"": 433.468, ""topK"": 394.6995}, {""perm"": 4, ""r2"": 0.887, ""maxc"": 422.964, ""topK"": 393.3892}, {""perm"": 5, ""r2"": 0.8888, ""maxc"": 398.8608, ""topK"": 363.9978}]"
2846df4c,"['0x33', '0x0F']",4,A1,2,1,0.9625425856351808,1,2302.7255859375,0.6794337630271912,"[1, 3, 16, 11]","[""AmtR/A1"", ""BM3R1/B1"", ""SrpR/S1"", ""PhlF/P2""]",1,2200.23759765625,True,True,True,True,"[{""perm"": 0, ""r2"": 0.9436, ""maxc"": 2242.3918, ""topK"": 2134.9463}, {""perm"": 1, ""r2"": 0.9625, ""maxc"": 2302.7256, ""topK"": 2200.2376}]"
038b4a59,"['0x33', '0x0F']",5,A1,2,1,0.9783818514359216,0,3389.7646484375,0.5986083149909973,"[11, 3, 8, 16, 9]","[""PhlF/P2"", ""BM3R1/B1"", ""LitR/L1"", ""SrpR/S1"", ""LmrA/N1""]",0,3209.818359375,False,False,True,False,"[{""perm"": 0, ""r2"": 0.9738, ""maxc"": 3389.7646, ""topK"": 3209.8184}, {""perm"": 1, ""r2"": 0.9784, ""maxc"": 2841.864, ""topK"": 2780.1055}]"
072f2e06,"['0x33', '0x0F']",5,A1,2,0,0.9780929714581,1,2929.94189453125,0.5434973835945129,"[16, 11, 8, 0, 6]","[""SrpR/S1"", ""PhlF/P2"", ""LitR/L1"", ""AmeR/F1"", ""HlyIIR/H1""]",1,2682.70712890625,False,False,True,False,"[{""perm"": 0, ""r2"": 0.9781, ""maxc"": 2534.0933, ""topK"": 2493.8144}, {""perm"": 1, ""r2"": 0.97, ""maxc"": 2929.9419, ""topK"": 2682.7071}]"
02aaa5f4,0x33,6,A1,2,0,0.9985646167403798,1,2459.694580078125,0.5816606283187866,"[11, 3, 0, 1, 19, 14]","[""PhlF/P2"", ""BM3R1/B1"", ""AmeR/F1"", ""AmtR/A1"", ""SrpR/S4"", ""QacR/Q1""]",1,2451.851025390625,False,False,True,False,"[{""perm"": 0, ""r2"": 0.9986, ""maxc"": 2395.0767, ""topK"": 2382.6561}, {""perm"": 1, ""r2"": 0.998, ""maxc"": 2459.6946, ""topK"": 2451.851}]"
0595ffad,0x33,6,A1,2,1,0.9984304608783724,0,2321.95947265625,0.5528793334960938,"[16, 11, 6, 5, 14, 8]","[""SrpR/S1"", ""PhlF/P2"", ""HlyIIR/H1"", ""BM3R1/B3"", ""QacR/Q1"", ""LitR/L1""]",0,2317.71552734375,False,False,True,False,"[{""perm"": 0, ""r2"": 0.998, ""maxc"": 2321.9595, ""topK"": 2317.7155}, {""perm"": 1, ""r2"": 0.9984, ""maxc"": 2318.8682, ""topK"": 2315.4604}]"
01665019,0x33,7,A1,2,1,0.9916615927454718,0,8679.5556640625,0.44412562251091003,"[11, 3, 7, 15, 2, 16, 13]","[""PhlF/P2"", ""BM3R1/B1"", ""IcaRA/I1"", ""QacR/Q2"", ""BetI/E1"", ""SrpR/S1"", ""PsrA/R1""]",0,8371.3765625,False,False,True,False,"[{""perm"": 0, ""r2"": 0.9912, ""maxc"": 8679.5557, ""topK"": 8371.3766}, {""perm"": 1, ""r2"": 0.9917, ""maxc"": 8474.6299, ""topK"": 8131.785}]"
01874d6e,0x33,7,A1,2,0,0.9942318980655492,1,2559.0712890625,0.5625327229499817,"[16, 8, 13, 15, 6, 4, 11]","[""SrpR/S1"", ""LitR/L1"", ""PsrA/R1"", ""QacR/Q2"", ""HlyIIR/H1"", ""BM3R1/B2"", ""PhlF/P2""]",1,2518.655810546875,False,False,True,False,"[{""perm"": 0, ""r2"": 0.9942, ""maxc"": 2388.5581, ""topK"": 2370.9099}, {""perm"": 1, ""r2"": 0.9929, ""maxc"": 2559.0713, ""topK"": 2518.6558}]"
01a3ec20,0x33,7,A1,1,0,0.9462567402039174,0,2257.040283203125,0.5751921534538269,"[13, 1, 5, 15, 9, 16, 11]","[""PsrA/R1"", ""AmtR/A1"", ""BM3R1/B3"", ""QacR/Q2"", ""LmrA/N1"", ""SrpR/S1"", ""PhlF/P2""]",0,2174.669873046875,True,True,True,True,"[{""perm"": 0, ""r2"": 0.9463, ""maxc"": 2257.0403, ""topK"": 2174.6699}]"
87c860fb,0x66,6,A1,1,1,0.9692929868108128,1,679.2562255859375,0.7459845542907715,"[11, 19, 15, 1, 13, 4]","[""PhlF/P2"", ""SrpR/S4"", ""QacR/Q2"", ""AmtR/A1"", ""PsrA/R1"", ""BM3R1/B2""]",1,589.8077880859375,True,True,True,True,"[{""perm"": 1, ""r2"": 0.9693, ""maxc"": 679.2562, ""topK"": 589.8078}]"
4fc3e01f,0x66,7,A1,1,1,0.968550602436201,1,72.1279067993164,0.3962671458721161,"[7, 1, 11, 3, 2, 13, 14]","[""IcaRA/I1"", ""AmtR/A1"", ""PhlF/P2"", ""BM3R1/B1"", ""BetI/E1"", ""PsrA/R1"", ""QacR/Q1""]",1,66.6176872253418,True,True,True,True,"[{""perm"": 1, ""r2"": 0.9686, ""maxc"": 72.1279, ""topK"": 66.6177}]"
58cd788d,0x66,7,A1,1,1,0.9637524195475464,1,86.76744079589844,0.31846362352371216,"[9, 6, 14, 3, 7, 13, 11]","[""LmrA/N1"", ""HlyIIR/H1"", ""QacR/Q1"", ""BM3R1/B1"", ""IcaRA/I1"", ""PsrA/R1"", ""PhlF/P2""]",1,78.78748474121093,True,True,True,True,"[{""perm"": 1, ""r2"": 0.9638, ""maxc"": 86.7674, ""topK"": 78.7875}]"
c1e19df0,0x66,7,A1,1,0,0.9878870968038416,0,109.27085876464844,0.5432878732681274,"[11, 13, 3, 14, 16, 9, 1]","[""PhlF/P2"", ""PsrA/R1"", ""BM3R1/B1"", ""QacR/Q1"", ""SrpR/S1"", ""LmrA/N1"", ""AmtR/A1""]",0,108.12292175292968,True,True,True,True,"[{""perm"": 0, ""r2"": 0.9879, ""maxc"": 109.2709, ""topK"": 108.1229}]"
e697dccd,0x66,7,A1,1,1,0.9671139108837784,1,93.83617401123047,0.5474461317062378,"[6, 13, 14, 11, 1, 2, 19]","[""HlyIIR/H1"", ""PsrA/R1"", ""QacR/Q1"", ""PhlF/P2"", ""AmtR/A1"", ""BetI/E1"", ""SrpR/S4""]",1,92.03309326171875,True,True,True,True,"[{""perm"": 1, ""r2"": 0.9671, ""maxc"": 93.8362, ""topK"": 92.0331}]"
03a28722,0x3C,6,A1,1,0,0.9619437217189588,0,492.5471496582031,0.649707019329071,"[11, 5, 14, 1, 2, 19]","[""PhlF/P2"", ""BM3R1/B3"", ""QacR/Q1"", ""AmtR/A1"", ""BetI/E1"", ""SrpR/S4""]",0,485.16192626953125,True,True,True,True,"[{""perm"": 0, ""r2"": 0.9619, ""maxc"": 492.5471, ""topK"": 485.1619}]"
2b8d88ba,0x3C,6,A1,2,1,0.9944860336531676,0,197.2367706298828,0.370618611574173,"[11, 13, 14, 7, 16, 2]","[""PhlF/P2"", ""PsrA/R1"", ""QacR/Q1"", ""IcaRA/I1"", ""SrpR/S1"", ""BetI/E1""]",0,194.647216796875,False,False,True,False,"[{""perm"": 0, ""r2"": 0.9943, ""maxc"": 197.2368, ""topK"": 194.6472}, {""perm"": 1, ""r2"": 0.9945, ""maxc"": 195.5567, ""topK"": 194.5049}]"
67eaf262,0x3C,6,A1,1,1,0.9857420478779528,1,137.0905303955078,0.5553370118141174,"[3, 19, 14, 13, 2, 11]","[""BM3R1/B1"", ""SrpR/S4"", ""QacR/Q1"", ""PsrA/R1"", ""BetI/E1"", ""PhlF/P2""]",1,135.54853210449218,True,True,True,True,"[{""perm"": 1, ""r2"": 0.9857, ""maxc"": 137.0905, ""topK"": 135.5485}]"
687b8380,0x3C,6,A1,2,1,0.9746217034664578,1,134.93487548828125,0.5605968236923218,"[2, 5, 16, 1, 12, 14]","[""BetI/E1"", ""BM3R1/B3"", ""SrpR/S1"", ""AmtR/A1"", ""PhlF/P3"", ""QacR/Q1""]",1,127.08208923339843,True,True,True,True,"[{""perm"": 0, ""r2"": 0.9682, ""maxc"": 112.3101, ""topK"": 104.47}, {""perm"": 1, ""r2"": 0.9746, ""maxc"": 134.9349, ""topK"": 127.0821}]"
6f156a51,0x3C,6,A1,1,1,0.9928153457845024,1,177.9059295654297,0.5222431421279907,"[14, 2, 11, 5, 16, 13]","[""QacR/Q1"", ""BetI/E1"", ""PhlF/P2"", ""BM3R1/B3"", ""SrpR/S1"", ""PsrA/R1""]",1,176.2208740234375,True,True,True,True,"[{""perm"": 1, ""r2"": 0.9928, ""maxc"": 177.9059, ""topK"": 176.2209}]"
0b2e82b8,0x3C,7,A1,1,0,0.9676478835084692,0,127.74790954589844,0.3316231071949005,"[6, 3, 2, 11, 14, 7, 13]","[""HlyIIR/H1"", ""BM3R1/B1"", ""BetI/E1"", ""PhlF/P2"", ""QacR/Q1"", ""IcaRA/I1"", ""PsrA/R1""]",0,123.05017547607422,True,True,True,True,"[{""perm"": 0, ""r2"": 0.9676, ""maxc"": 127.7479, ""topK"": 123.0502}]"
104e83a9,0x3C,7,A1,2,0,0.9713341193627012,1,133.69996643066406,0.5174435377120972,"[19, 2, 11, 14, 3, 6, 13]","[""SrpR/S4"", ""BetI/E1"", ""PhlF/P2"", ""QacR/Q1"", ""BM3R1/B1"", ""HlyIIR/H1"", ""PsrA/R1""]",1,122.69666748046875,False,False,True,False,"[{""perm"": 0, ""r2"": 0.9713, ""maxc"": 120.5115, ""topK"": 117.4545}, {""perm"": 1, ""r2"": 0.9669, ""maxc"": 133.7, ""topK"": 122.6967}]"
13136e2d,0x3C,7,A1,2,1,0.9790049230640134,0,144.12062072753906,0.5444043874740601,"[0, 19, 13, 4, 1, 11, 14]","[""AmeR/F1"", ""SrpR/S4"", ""PsrA/R1"", ""BM3R1/B2"", ""AmtR/A1"", ""PhlF/P2"", ""QacR/Q1""]",0,127.27346496582031,False,False,True,False,"[{""perm"": 0, ""r2"": 0.9761, ""maxc"": 144.1206, ""topK"": 127.2735}, {""perm"": 1, ""r2"": 0.979, ""maxc"": 132.3679, ""topK"": 110.9113}]"
1408b6bc,0x3C,7,A1,2,0,0.9532539334970092,0,562.4651489257812,0.47166725993156433,"[11, 0, 3, 7, 19, 2, 15]","[""PhlF/P2"", ""AmeR/F1"", ""BM3R1/B1"", ""IcaRA/I1"", ""SrpR/S4"", ""BetI/E1"", ""QacR/Q2""]",0,534.861572265625,True,True,True,True,"[{""perm"": 0, ""r2"": 0.9533, ""maxc"": 562.4651, ""topK"": 534.8616}, {""perm"": 1, ""r2"": 0.9503, ""maxc"": 542.4663, ""topK"": 507.9456}]"
143b51d3,0x3C,7,A1,2,0,0.9763750823709804,1,314.3780212402344,0.6019765734672546,"[1, 4, 13, 2, 14, 19, 11]","[""AmtR/A1"", ""BM3R1/B2"", ""PsrA/R1"", ""BetI/E1"", ""QacR/Q1"", ""SrpR/S4"", ""PhlF/P2""]",1,251.35646057128906,False,False,True,False,"[{""perm"": 0, ""r2"": 0.9764, ""maxc"": 173.5334, ""topK"": 167.6217}, {""perm"": 1, ""r2"": 0.9625, ""maxc"": 314.378, ""topK"": 251.3565}]"
01276479,0x2C,6,A1,1,0,0.9747786572711962,0,127.61061096191406,0.5870262384414673,"[13, 14, 19, 5, 1, 11]","[""PsrA/R1"", ""QacR/Q1"", ""SrpR/S4"", ""BM3R1/B3"", ""AmtR/A1"", ""PhlF/P2""]",0,117.3357940673828,True,True,True,True,"[{""perm"": 0, ""r2"": 0.9748, ""maxc"": 127.6106, ""topK"": 117.3358}]"
0d5b01b1,0x2C,6,A1,1,0,0.9148230940667214,0,267.58782958984375,0.442577064037323,"[11, 1, 13, 14, 2, 7]","[""PhlF/P2"", ""AmtR/A1"", ""PsrA/R1"", ""QacR/Q1"", ""BetI/E1"", ""IcaRA/I1""]",0,229.28123474121094,True,True,True,True,"[{""perm"": 0, ""r2"": 0.9148, ""maxc"": 267.5878, ""topK"": 229.2812}]"
1323c479,0x2C,6,A1,1,0,0.9703586558080024,0,129.95166015625,0.6157011389732361,"[13, 14, 2, 5, 1, 11]","[""PsrA/R1"", ""QacR/Q1"", ""BetI/E1"", ""BM3R1/B3"", ""AmtR/A1"", ""PhlF/P2""]",0,114.06903228759765,True,True,True,True,"[{""perm"": 0, ""r2"": 0.9704, ""maxc"": 129.9517, ""topK"": 114.069}]"
27c9f7d8,0x2C,6,A1,1,0,0.9579308454906664,0,187.9337158203125,0.4350582957267761,"[7, 5, 19, 14, 1, 11]","[""IcaRA/I1"", ""BM3R1/B3"", ""SrpR/S4"", ""QacR/Q1"", ""AmtR/A1"", ""PhlF/P2""]",0,181.59351501464843,True,True,True,True,"[{""perm"": 0, ""r2"": 0.9579, ""maxc"": 187.9337, ""topK"": 181.5935}]"
27d8c27d,0x2C,6,A1,1,0,0.9534477712100556,0,230.86463928222656,0.6282121539115906,"[11, 13, 2, 14, 19, 1]","[""PhlF/P2"", ""PsrA/R1"", ""BetI/E1"", ""QacR/Q1"", ""SrpR/S4"", ""AmtR/A1""]",0,212.0781280517578,True,True,True,True,"[{""perm"": 0, ""r2"": 0.9534, ""maxc"": 230.8646, ""topK"": 212.0781}]"
0a4ff245,0x2C,7,A1,1,0,0.9382234464185856,0,99.29721069335938,0.41242605447769165,"[14, 1, 11, 7, 3, 2, 13]","[""QacR/Q1"", ""AmtR/A1"", ""PhlF/P2"", ""IcaRA/I1"", ""BM3R1/B1"", ""BetI/E1"", ""PsrA/R1""]",0,74.4897674560547,True,True,True,True,"[{""perm"": 0, ""r2"": 0.9382, ""maxc"": 99.2972, ""topK"": 74.4898}]"
0ed03332,0x2C,7,A1,1,0,0.9419231322878014,0,107.63304901123047,0.5720928311347961,"[14, 1, 13, 5, 2, 11, 18]","[""QacR/Q1"", ""AmtR/A1"", ""PsrA/R1"", ""BM3R1/B3"", ""BetI/E1"", ""PhlF/P2"", ""SrpR/S3""]",0,89.22849731445312,True,True,True,True,"[{""perm"": 0, ""r2"": 0.9419, ""maxc"": 107.633, ""topK"": 89.2285}]"
0ff5e006,0x2C,7,A1,1,0,0.9005924375255234,0,268.3623962402344,0.5742929577827454,"[11, 14, 1, 13, 19, 2, 5]","[""PhlF/P2"", ""QacR/Q1"", ""AmtR/A1"", ""PsrA/R1"", ""SrpR/S4"", ""BetI/E1"", ""BM3R1/B3""]",0,182.02151489257812,True,True,True,True,"[{""perm"": 0, ""r2"": 0.9006, ""maxc"": 268.3624, ""topK"": 182.0215}]"
161d9514,0x2C,7,A1,1,0,0.9700377205370926,0,92.8720932006836,0.43166491389274597,"[4, 19, 13, 14, 7, 2, 11]","[""BM3R1/B2"", ""SrpR/S4"", ""PsrA/R1"", ""QacR/Q1"", ""IcaRA/I1"", ""BetI/E1"", ""PhlF/P2""]",0,76.9499526977539,True,True,True,True,"[{""perm"": 0, ""r2"": 0.97, ""maxc"": 92.8721, ""topK"": 76.95}]"
187bbd1c,0x2C,7,A1,1,0,0.94412425574745,0,425.9378662109375,0.4154016077518463,"[11, 13, 14, 7, 3, 19, 2]","[""PhlF/P2"", ""PsrA/R1"", ""QacR/Q1"", ""IcaRA/I1"", ""BM3R1/B1"", ""SrpR/S4"", ""BetI/E1""]",0,395.9945129394531,True,True,True,True,"[{""perm"": 0, ""r2"": 0.9441, ""maxc"": 425.9379, ""topK"": 395.9945}]"
001e156f,0x03,4,A1,2,1,0.9574762496076936,1,1424.0614013671875,0.7718247771263123,"[11, 15, 1, 16]","[""PhlF/P2"", ""QacR/Q2"", ""AmtR/A1"", ""SrpR/S1""]",1,1411.2699951171876,True,True,True,True,"[{""perm"": 0, ""r2"": 0.85, ""maxc"": 1372.3491, ""topK"": 1339.941}, {""perm"": 1, ""r2"": 0.9575, ""maxc"": 1424.0614, ""topK"": 1411.27}]"
019e39ef,0x03,4,A1,2,1,0.9806109014301212,1,1356.922119140625,0.6953684091567993,"[11, 8, 3, 16]","[""PhlF/P2"", ""LitR/L1"", ""BM3R1/B1"", ""SrpR/S1""]",1,1347.3798828125,True,True,True,True,"[{""perm"": 0, ""r2"": 0.7928, ""maxc"": 991.913, ""topK"": 943.6413}, {""perm"": 1, ""r2"": 0.9806, ""maxc"": 1356.9221, ""topK"": 1347.3799}]"
2f0ee7b4,0x03,4,A1,1,1,0.9139781311840224,1,972.0850830078125,0.6388839483261108,"[11, 14, 13, 8]","[""PhlF/P2"", ""QacR/Q1"", ""PsrA/R1"", ""LitR/L1""]",1,850.0580322265625,True,True,True,True,"[{""perm"": 1, ""r2"": 0.914, ""maxc"": 972.0851, ""topK"": 850.058}]"
68236200,0x03,4,A2,2,1,0.7482537815704259,1,1310.0638427734375,0.7366962432861328,"[2, 11, 16, 13]","[""BetI/E1"", ""PhlF/P2"", ""SrpR/S1"", ""PsrA/R1""]",1,1020.5919799804688,True,True,True,True,"[{""perm"": 0, ""r2"": 0.6851, ""maxc"": 1057.2383, ""topK"": 966.4288}, {""perm"": 1, ""r2"": 0.7483, ""maxc"": 1310.0638, ""topK"": 1020.592}]"
7868634e,0x03,4,A1,2,0,0.9403699317503272,0,1482.9207763671875,0.7653583288192749,"[11, 13, 15, 16]","[""PhlF/P2"", ""PsrA/R1"", ""QacR/Q2"", ""SrpR/S1""]",0,1436.7167236328125,True,True,True,True,"[{""perm"": 0, ""r2"": 0.9404, ""maxc"": 1482.9208, ""topK"": 1436.7167}, {""perm"": 1, ""r2"": 0.8462, ""maxc"": 1044.327, ""topK"": 992.3481}]"
009fd716,0x03,5,A1,2,1,0.9843103284116724,1,1475.490966796875,0.6129634380340576,"[3, 8, 11, 6, 16]","[""BM3R1/B1"", ""LitR/L1"", ""PhlF/P2"", ""HlyIIR/H1"", ""SrpR/S1""]",1,1445.7745849609375,True,True,True,True,"[{""perm"": 0, ""r2"": 0.9763, ""maxc"": 1400.0366, ""topK"": 1391.5808}, {""perm"": 1, ""r2"": 0.9843, ""maxc"": 1475.491, ""topK"": 1445.7746}]"
01160282,0x03,5,A1,1,0,0.9238153872290052,0,1660.7200927734375,0.720262885093689,"[11, 15, 2, 8, 13]","[""PhlF/P2"", ""QacR/Q2"", ""BetI/E1"", ""LitR/L1"", ""PsrA/R1""]",0,1595.848486328125,True,True,True,True,"[{""perm"": 0, ""r2"": 0.9238, ""maxc"": 1660.7201, ""topK"": 1595.8485}]"
05bb7f91,0x03,5,A2,2,1,0.9870206237222932,1,1416.10693359375,0.7221397161483765,"[11, 16, 15, 13, 2]","[""PhlF/P2"", ""SrpR/S1"", ""QacR/Q2"", ""PsrA/R1"", ""BetI/E1""]",1,1403.985400390625,True,True,True,True,"[{""perm"": 0, ""r2"": 0.9864, ""maxc"": 1372.5398, ""topK"": 1358.0414}, {""perm"": 1, ""r2"": 0.987, ""maxc"": 1416.1069, ""topK"": 1403.9854}]"
081a8405,0x03,5,A1,2,0,0.9875436573105854,1,1421.7664794921875,0.6027935147285461,"[11, 16, 0, 8, 14]","[""PhlF/P2"", ""SrpR/S1"", ""AmeR/F1"", ""LitR/L1"", ""QacR/Q1""]",1,1412.9465576171874,False,False,True,False,"[{""perm"": 0, ""r2"": 0.9875, ""maxc"": 1372.0936, ""topK"": 1350.7074}, {""perm"": 1, ""r2"": 0.9869, ""maxc"": 1421.7665, ""topK"": 1412.9466}]"
0899c0ab,0x03,5,A1,2,0,0.9565815965738332,1,1640.7237548828125,0.5189063549041748,"[11, 13, 7, 3, 15]","[""PhlF/P2"", ""PsrA/R1"", ""IcaRA/I1"", ""BM3R1/B1"", ""QacR/Q2""]",1,1608.6288818359376,False,False,True,False,"[{""perm"": 0, ""r2"": 0.9566, ""maxc"": 1147.7422, ""topK"": 1132.8712}, {""perm"": 1, ""r2"": 0.9301, ""maxc"": 1640.7238, ""topK"": 1608.6289}]"
0055f301,0x03,6,A1,2,0,0.9928844635088974,0,2180.35791015625,0.5945560932159424,"[11, 17, 3, 14, 13, 2]","[""PhlF/P2"", ""SrpR/S2"", ""BM3R1/B1"", ""QacR/Q1"", ""PsrA/R1"", ""BetI/E1""]",0,2169.869677734375,True,True,True,True,"[{""perm"": 0, ""r2"": 0.9929, ""maxc"": 2180.3579, ""topK"": 2169.8697}, {""perm"": 1, ""r2"": 0.9914, ""maxc"": 1355.6678, ""topK"": 1326.6424}]"
01d6c96b,0x03,6,A1,2,0,0.9715220094631422,1,1461.1871337890625,0.7052748203277588,"[11, 19, 13, 2, 15, 3]","[""PhlF/P2"", ""SrpR/S4"", ""PsrA/R1"", ""BetI/E1"", ""QacR/Q2"", ""BM3R1/B1""]",1,1351.604541015625,False,False,True,False,"[{""perm"": 0, ""r2"": 0.9715, ""maxc"": 1068.3318, ""topK"": 1037.9013}, {""perm"": 1, ""r2"": 0.9613, ""maxc"": 1461.1871, ""topK"": 1351.6045}]"
0290090c,0x03,6,A1,2,1,0.9974280770122784,0,1306.7132568359375,0.45251041650772095,"[2, 7, 3, 11, 14, 16]","[""BetI/E1"", ""IcaRA/I1"", ""BM3R1/B1"", ""PhlF/P2"", ""QacR/Q1"", ""SrpR/S1""]",0,1302.6947265625,False,False,True,False,"[{""perm"": 0, ""r2"": 0.9972, ""maxc"": 1306.7133, ""topK"": 1302.6947}, {""perm"": 1, ""r2"": 0.9974, ""maxc"": 1302.8672, ""topK"": 1298.023}]"
029bd500,0x03,6,A1,2,1,0.996904247938743,1,1340.7523193359375,0.5331955552101135,"[11, 0, 16, 5, 6, 14]","[""PhlF/P2"", ""AmeR/F1"", ""SrpR/S1"", ""BM3R1/B3"", ""HlyIIR/H1"", ""QacR/Q1""]",1,1337.6165283203125,True,True,True,True,"[{""perm"": 0, ""r2"": 0.9965, ""maxc"": 1336.8483, ""topK"": 1335.8001}, {""perm"": 1, ""r2"": 0.9969, ""maxc"": 1340.7523, ""topK"": 1337.6165}]"
040614cc,0x03,6,A1,1,0,0.987586409065784,0,1235.4859619140625,0.6292686462402344,"[11, 15, 16, 1, 3, 13]","[""PhlF/P2"", ""QacR/Q2"", ""SrpR/S1"", ""AmtR/A1"", ""BM3R1/B1"", ""PsrA/R1""]",0,1191.0098388671875,True,True,True,True,"[{""perm"": 0, ""r2"": 0.9876, ""maxc"": 1235.486, ""topK"": 1191.0098}]"
002e324d,0x03,7,A1,2,1,0.9648639213771524,1,1915.2998046875,0.5784443616867065,"[11, 2, 13, 9, 17, 1, 14]","[""PhlF/P2"", ""BetI/E1"", ""PsrA/R1"", ""LmrA/N1"", ""SrpR/S2"", ""AmtR/A1"", ""QacR/Q1""]",1,1869.2760986328126,True,True,True,True,"[{""perm"": 0, ""r2"": 0.9032, ""maxc"": 1765.6071, ""topK"": 1742.347}, {""perm"": 1, ""r2"": 0.9649, ""maxc"": 1915.2998, ""topK"": 1869.2761}]"
0043547c,0x03,7,A1,2,0,0.9949419609076684,1,2351.9296875,0.5804006457328796,"[14, 11, 16, 13, 5, 2, 1]","[""QacR/Q1"", ""PhlF/P2"", ""SrpR/S1"", ""PsrA/R1"", ""BM3R1/B3"", ""BetI/E1"", ""AmtR/A1""]",1,2342.997216796875,False,False,True,False,"[{""perm"": 0, ""r2"": 0.9949, ""maxc"": 2126.5735, ""topK"": 2108.3546}, {""perm"": 1, ""r2"": 0.9918, ""maxc"": 2351.9297, ""topK"": 2342.9972}]"
0051bf46,0x03,7,A1,1,0,0.9978251795622196,0,1316.2110595703125,0.4611978232860565,"[1, 16, 11, 7, 15, 4, 8]","[""AmtR/A1"", ""SrpR/S1"", ""PhlF/P2"", ""IcaRA/I1"", ""QacR/Q2"", ""BM3R1/B2"", ""LitR/L1""]",0,1315.0352783203125,True,True,True,True,"[{""perm"": 0, ""r2"": 0.9978, ""maxc"": 1316.2111, ""topK"": 1315.0353}]"
00d368d4,0x03,7,A1,2,1,0.9279694617461548,0,2044.816162109375,0.41956591606140137,"[14, 13, 16, 11, 5, 2, 7]","[""QacR/Q1"", ""PsrA/R1"", ""SrpR/S1"", ""PhlF/P2"", ""BM3R1/B3"", ""BetI/E1"", ""IcaRA/I1""]",0,1500.308447265625,False,False,True,False,"[{""perm"": 0, ""r2"": 0.8347, ""maxc"": 2044.8162, ""topK"": 1500.3084}, {""perm"": 1, ""r2"": 0.928, ""maxc"": 1418.1371, ""topK"": 1307.459}]"
00db8011,0x03,7,A1,2,0,0.957624016316986,1,1400.7041015625,0.601483941078186,"[11, 18, 13, 0, 2, 15, 3]","[""PhlF/P2"", ""SrpR/S3"", ""PsrA/R1"", ""AmeR/F1"", ""BetI/E1"", ""QacR/Q2"", ""BM3R1/B1""]",1,1341.57861328125,False,False,True,False,"[{""perm"": 0, ""r2"": 0.9576, ""maxc"": 1015.1141, ""topK"": 1000.2221}, {""perm"": 1, ""r2"": 0.9483, ""maxc"": 1400.7041, ""topK"": 1341.5786}]"
00685be0,0x0F,5,A1,1,0,0.9914161427526516,0,1427.74755859375,0.5932368636131287,"[13, 11, 8, 0, 16]","[""PsrA/R1"", ""PhlF/P2"", ""LitR/L1"", ""AmeR/F1"", ""SrpR/S1""]",0,1402.1091552734374,True,True,True,True,"[{""perm"": 0, ""r2"": 0.9914, ""maxc"": 1427.7476, ""topK"": 1402.1092}]"
02f0946b,0x0F,5,A1,2,1,0.9815099744831493,0,1533.931396484375,0.5842114090919495,"[11, 9, 13, 3, 16]","[""PhlF/P2"", ""LmrA/N1"", ""PsrA/R1"", ""BM3R1/B1"", ""SrpR/S1""]",0,1499.6759765625,False,False,True,False,"[{""perm"": 0, ""r2"": 0.9749, ""maxc"": 1533.9314, ""topK"": 1499.676}, {""perm"": 1, ""r2"": 0.9815, ""maxc"": 1406.116, ""topK"": 1392.0404}]"
054e8a38,0x0F,5,A1,2,1,0.9519589149409056,0,1516.9639892578125,0.5216904282569885,"[0, 6, 3, 11, 16]","[""AmeR/F1"", ""HlyIIR/H1"", ""BM3R1/B1"", ""PhlF/P2"", ""SrpR/S1""]",0,1433.9794921875,False,False,True,False,"[{""perm"": 0, ""r2"": 0.9511, ""maxc"": 1516.964, ""topK"": 1433.9795}, {""perm"": 1, ""r2"": 0.952, ""maxc"": 1511.3612, ""topK"": 1410.2525}]"
016fb08b,0x0F,6,A1,2,0,0.9975954979451728,1,1329.7352294921875,0.4782080054283142,"[6, 11, 16, 14, 13, 1]","[""HlyIIR/H1"", ""PhlF/P2"", ""SrpR/S1"", ""QacR/Q1"", ""PsrA/R1"", ""AmtR/A1""]",1,1323.9154052734375,False,False,True,False,"[{""perm"": 0, ""r2"": 0.9976, ""maxc"": 1308.1417, ""topK"": 1304.0569}, {""perm"": 1, ""r2"": 0.997, ""maxc"": 1329.7352, ""topK"": 1323.9154}]"
026c6361,0x0F,6,A1,2,0,0.998956860867152,1,1327.4676513671875,0.541630208492279,"[11, 8, 5, 14, 16, 6]","[""PhlF/P2"", ""LitR/L1"", ""BM3R1/B3"", ""QacR/Q1"", ""SrpR/S1"", ""HlyIIR/H1""]",1,1321.23134765625,False,False,True,False,"[{""perm"": 0, ""r2"": 0.999, ""maxc"": 1304.1696, ""topK"": 1301.1801}, {""perm"": 1, ""r2"": 0.9986, ""maxc"": 1327.4677, ""topK"": 1321.2313}]"
00f7ae8d,0x0F,7,A1,2,1,0.9938295191908496,0,5754.650390625,0.4768584668636322,"[11, 7, 8, 0, 3, 15, 13]","[""PhlF/P2"", ""IcaRA/I1"", ""LitR/L1"", ""AmeR/F1"", ""BM3R1/B1"", ""QacR/Q2"", ""PsrA/R1""]",0,5729.99443359375,False,False,True,False,"[{""perm"": 0, ""r2"": 0.9928, ""maxc"": 5754.6504, ""topK"": 5729.9944}, {""perm"": 1, ""r2"": 0.9938, ""maxc"": 5537.02, ""topK"": 5508.8541}]"
01ec5f09,0x0F,7,A1,1,1,0.9928204836628742,1,1384.259033203125,0.5144935846328735,"[11, 16, 2, 0, 3, 13, 14]","[""PhlF/P2"", ""SrpR/S1"", ""BetI/E1"", ""AmeR/F1"", ""BM3R1/B1"", ""PsrA/R1"", ""QacR/Q1""]",1,1366.67314453125,True,True,True,True,"[{""perm"": 1, ""r2"": 0.9928, ""maxc"": 1384.259, ""topK"": 1366.6731}]"
02ff08e5,0x0F,7,A1,2,0,0.9825276496849716,0,2388.669189453125,0.4712478220462799,"[11, 3, 13, 14, 0, 6, 19]","[""PhlF/P2"", ""BM3R1/B1"", ""PsrA/R1"", ""QacR/Q1"", ""AmeR/F1"", ""HlyIIR/H1"", ""SrpR/S4""]",0,2345.800439453125,True,True,True,True,"[{""perm"": 0, ""r2"": 0.9825, ""maxc"": 2388.6692, ""topK"": 2345.8004}, {""perm"": 1, ""r2"": 0.9778, ""maxc"": 2278.8816, ""topK"": 2242.8954}]"
045b97cd,0x0F,7,A1,2,0,0.9894980982344423,1,5998.2666015625,0.6741369962692261,"[11, 4, 15, 13, 2, 16, 1]","[""PhlF/P2"", ""BM3R1/B2"", ""QacR/Q2"", ""PsrA/R1"", ""BetI/E1"", ""SrpR/S1"", ""AmtR/A1""]",1,5879.06103515625,False,False,True,False,"[{""perm"": 0, ""r2"": 0.9895, ""maxc"": 5896.1826, ""topK"": 5837.7806}, {""perm"": 1, ""r2"": 0.9882, ""maxc"": 5998.2666, ""topK"": 5879.061}]"
046dc60c,0x0F,7,A1,2,0,0.9964695345365404,1,1367.865234375,0.6769790053367615,"[16, 11, 9, 15, 5, 1, 2]","[""SrpR/S1"", ""PhlF/P2"", ""LmrA/N1"", ""QacR/Q2"", ""BM3R1/B3"", ""AmtR/A1"", ""BetI/E1""]",1,1347.576513671875,False,False,True,False,"[{""perm"": 0, ""r2"": 0.9965, ""maxc"": 1337.4788, ""topK"": 1329.3327}, {""perm"": 1, ""r2"": 0.9954, ""maxc"": 1367.8652, ""topK"": 1347.5765}]"
77634763,0x06,5,A1,2,0,0.8646675049223554,0,479.174560546875,0.7069256901741028,"[11, 13, 19, 14, 2]","[""PhlF/P2"", ""PsrA/R1"", ""SrpR/S4"", ""QacR/Q1"", ""BetI/E1""]",0,449.2203430175781,True,True,True,True,"[{""perm"": 0, ""r2"": 0.8647, ""maxc"": 479.1746, ""topK"": 449.2203}, {""perm"": 1, ""r2"": 0.8243, ""maxc"": 403.6318, ""topK"": 363.6156}]"
cedb356c,0x06,5,A1,2,0,0.908114317106728,1,76.91046905517578,0.6438719630241394,"[1, 13, 2, 14, 11]","[""AmtR/A1"", ""PsrA/R1"", ""BetI/E1"", ""QacR/Q1"", ""PhlF/P2""]",1,73.74638519287109,False,False,True,False,"[{""perm"": 0, ""r2"": 0.9081, ""maxc"": 70.4659, ""topK"": 68.3924}, {""perm"": 1, ""r2"": 0.9033, ""maxc"": 76.9105, ""topK"": 73.7464}]"
15353008,0x06,6,A1,2,0,0.9615665909981992,1,478.6850891113281,0.47535258531570435,"[13, 16, 11, 7, 15, 2]","[""PsrA/R1"", ""SrpR/S1"", ""PhlF/P2"", ""IcaRA/I1"", ""QacR/Q2"", ""BetI/E1""]",1,444.6828674316406,False,False,True,False,"[{""perm"": 0, ""r2"": 0.9616, ""maxc"": 433.4247, ""topK"": 417.6849}, {""perm"": 1, ""r2"": 0.9463, ""maxc"": 478.6851, ""topK"": 444.6829}]"
364d8813,0x06,6,A1,1,0,0.9440015094339064,0,304.01409912109375,0.4896531105041504,"[11, 7, 1, 13, 19, 14]","[""PhlF/P2"", ""IcaRA/I1"", ""AmtR/A1"", ""PsrA/R1"", ""SrpR/S4"", ""QacR/Q1""]",0,267.8410705566406,True,True,True,True,"[{""perm"": 0, ""r2"": 0.944, ""maxc"": 304.0141, ""topK"": 267.8411}]"
59849fd9,0x06,6,A1,2,1,0.9459172498947386,1,660.4166259765625,0.7763993144035339,"[11, 15, 1, 13, 19, 4]","[""PhlF/P2"", ""QacR/Q2"", ""AmtR/A1"", ""PsrA/R1"", ""SrpR/S4"", ""BM3R1/B2""]",0,562.4026489257812,True,False,False,False,"[{""perm"": 0, ""r2"": 0.9391, ""maxc"": 600.2235, ""topK"": 562.4026}, {""perm"": 1, ""r2"": 0.9459, ""maxc"": 660.4166, ""topK"": 533.3375}]"
0012834e,0x06,7,A2,2,1,0.8088830055726808,0,338.6745300292969,0.4742596745491028,"[11, 1, 4, 7, 13, 18, 14]","[""PhlF/P2"", ""AmtR/A1"", ""BM3R1/B2"", ""IcaRA/I1"", ""PsrA/R1"", ""SrpR/S3"", ""QacR/Q1""]",0,248.6053436279297,False,False,True,False,"[{""perm"": 0, ""r2"": 0.7847, ""maxc"": 338.6745, ""topK"": 248.6053}, {""perm"": 1, ""r2"": 0.8089, ""maxc"": 286.4846, ""topK"": 243.5846}]"
011f8a14,0x06,7,A2,2,1,0.812977232538412,0,533.9252319335938,0.6979197859764099,"[11, 4, 1, 19, 15, 2, 13]","[""PhlF/P2"", ""BM3R1/B2"", ""AmtR/A1"", ""SrpR/S4"", ""QacR/Q2"", ""BetI/E1"", ""PsrA/R1""]",0,436.9916625976563,False,False,True,False,"[{""perm"": 0, ""r2"": 0.7228, ""maxc"": 533.9252, ""topK"": 436.9917}, {""perm"": 1, ""r2"": 0.813, ""maxc"": 496.1762, ""topK"": 397.5441}]"
027ce22d,0x06,7,A2,2,1,0.7893294934615842,1,448.4378356933594,0.46834492683410645,"[11, 13, 15, 1, 7, 2, 18]","[""PhlF/P2"", ""PsrA/R1"", ""QacR/Q2"", ""AmtR/A1"", ""IcaRA/I1"", ""BetI/E1"", ""SrpR/S3""]",0,361.91802368164065,True,False,False,False,"[{""perm"": 0, ""r2"": 0.6593, ""maxc"": 393.3356, ""topK"": 361.918}, {""perm"": 1, ""r2"": 0.7893, ""maxc"": 448.4378, ""topK"": 277.8441}]"
09d17748,0x06,7,A1,2,0,0.8795636601783519,0,192.64674377441406,0.37462013959884644,"[3, 1, 17, 7, 13, 11, 14]","[""BM3R1/B1"", ""AmtR/A1"", ""SrpR/S2"", ""IcaRA/I1"", ""PsrA/R1"", ""PhlF/P2"", ""QacR/Q1""]",0,186.05379333496094,True,True,True,True,"[{""perm"": 0, ""r2"": 0.8796, ""maxc"": 192.6467, ""topK"": 186.0538}, {""perm"": 1, ""r2"": 0.8793, ""maxc"": 169.7815, ""topK"": 161.7721}]"
0204839c,0x07,4,A1,1,0,0.8973555974213385,0,124.02704620361328,0.6533057689666748,"[14, 2, 17, 11]","[""QacR/Q1"", ""BetI/E1"", ""SrpR/S2"", ""PhlF/P2""]",0,107.13246154785156,True,True,True,True,"[{""perm"": 0, ""r2"": 0.8974, ""maxc"": 124.027, ""topK"": 107.1325}]"
16db710e,0x07,4,A2,1,0,0.7642751717070343,0,93.91585540771484,0.676078736782074,"[17, 13, 11, 14]","[""SrpR/S2"", ""PsrA/R1"", ""PhlF/P2"", ""QacR/Q1""]",0,81.09495849609375,True,True,True,True,"[{""perm"": 0, ""r2"": 0.7643, ""maxc"": 93.9159, ""topK"": 81.095}]"
323dda67,0x07,4,A1,1,0,0.8899046266554625,0,170.78492736816406,0.46021974086761475,"[7, 14, 13, 11]","[""IcaRA/I1"", ""QacR/Q1"", ""PsrA/R1"", ""PhlF/P2""]",0,154.15458068847656,True,True,True,True,"[{""perm"": 0, ""r2"": 0.8899, ""maxc"": 170.7849, ""topK"": 154.1546}]"
41ca0731,"['0x07', '0x1B']",4,A1,1,1,0.9453093312341198,1,111.3747787475586,0.47869405150413513,"[14, 2, 7, 11]","[""QacR/Q1"", ""BetI/E1"", ""IcaRA/I1"", ""PhlF/P2""]",1,98.55669403076172,True,True,True,True,"[{""perm"": 1, ""r2"": 0.9453, ""maxc"": 111.3748, ""topK"": 98.5567}]"
02c2394e,0x07,5,A1,1,1,0.9373247811319214,1,352.99090576171875,0.6837995648384094,"[14, 5, 19, 2, 11]","[""QacR/Q1"", ""BM3R1/B3"", ""SrpR/S4"", ""BetI/E1"", ""PhlF/P2""]",1,296.35345458984375,True,True,True,True,"[{""perm"": 1, ""r2"": 0.9373, ""maxc"": 352.9909, ""topK"": 296.3535}]"
0608bf36,0x07,5,A2,1,1,0.8395398023475351,1,778.8585205078125,0.7339918613433838,"[11, 15, 2, 3, 19]","[""PhlF/P2"", ""QacR/Q2"", ""BetI/E1"", ""BM3R1/B1"", ""SrpR/S4""]",1,722.8853759765625,True,True,True,True,"[{""perm"": 1, ""r2"": 0.8395, ""maxc"": 778.8585, ""topK"": 722.8854}]"
08fef3b6,0x07,5,A1,1,0,0.963948893676076,0,142.12371826171875,0.682549238204956,"[11, 14, 5, 2, 19]","[""PhlF/P2"", ""QacR/Q1"", ""BM3R1/B3"", ""BetI/E1"", ""SrpR/S4""]",0,138.25137634277343,True,True,True,True,"[{""perm"": 0, ""r2"": 0.9639, ""maxc"": 142.1237, ""topK"": 138.2514}]"
003c0fe1,0x07,6,A1,2,1,0.941473604194221,0,656.3964233398438,0.7283097505569458,"[11, 13, 1, 17, 2, 15]","[""PhlF/P2"", ""PsrA/R1"", ""AmtR/A1"", ""SrpR/S2"", ""BetI/E1"", ""QacR/Q2""]",0,622.4392700195312,False,False,True,False,"[{""perm"": 0, ""r2"": 0.8822, ""maxc"": 656.3964, ""topK"": 622.4393}, {""perm"": 1, ""r2"": 0.9415, ""maxc"": 496.1385, ""topK"": 463.5369}]"
078f63d3,0x07,6,A1,1,0,0.9180712556205888,0,860.9874877929688,0.6560634970664978,"[11, 19, 13, 14, 5, 1]","[""PhlF/P2"", ""SrpR/S4"", ""PsrA/R1"", ""QacR/Q1"", ""BM3R1/B3"", ""AmtR/A1""]",0,823.8667358398437,True,True,True,True,"[{""perm"": 0, ""r2"": 0.9181, ""maxc"": 860.9875, ""topK"": 823.8667}]"
07c3b91a,0x07,6,A1,1,1,0.9703813805912352,1,123.3826675415039,0.6310259103775024,"[14, 2, 11, 1, 13, 19]","[""QacR/Q1"", ""BetI/E1"", ""PhlF/P2"", ""AmtR/A1"", ""PsrA/R1"", ""SrpR/S4""]",1,112.1599365234375,True,True,True,True,"[{""perm"": 1, ""r2"": 0.9704, ""maxc"": 123.3827, ""topK"": 112.1599}]"
089de4f9,0x07,6,A1,1,0,0.9586428805815128,0,532.8902587890625,0.5352516770362854,"[3, 16, 11, 14, 1, 2]","[""BM3R1/B1"", ""SrpR/S1"", ""PhlF/P2"", ""QacR/Q1"", ""AmtR/A1"", ""BetI/E1""]",0,492.92762451171876,True,True,True,True,"[{""perm"": 0, ""r2"": 0.9586, ""maxc"": 532.8903, ""topK"": 492.9276}]"
00175049,0x07,7,A1,1,0,0.9015772049410902,0,614.4542236328125,0.40222129225730896,"[11, 6, 13, 7, 17, 2, 15]","[""PhlF/P2"", ""HlyIIR/H1"", ""PsrA/R1"", ""IcaRA/I1"", ""SrpR/S2"", ""BetI/E1"", ""QacR/Q2""]",0,565.2060791015625,True,True,True,True,"[{""perm"": 0, ""r2"": 0.9016, ""maxc"": 614.4542, ""topK"": 565.2061}]"
006bb422,0x07,7,A1,1,0,0.9508654509819588,0,126.78975677490234,0.538250744342804,"[14, 13, 2, 11, 18, 5, 1]","[""QacR/Q1"", ""PsrA/R1"", ""BetI/E1"", ""PhlF/P2"", ""SrpR/S3"", ""BM3R1/B3"", ""AmtR/A1""]",0,118.0223388671875,True,True,True,True,"[{""perm"": 0, ""r2"": 0.9509, ""maxc"": 126.7898, ""topK"": 118.0223}]"
018c9f36,0x07,7,A1,1,0,0.9885275410734172,0,779.6203002929688,0.6776078939437866,"[11, 2, 1, 13, 18, 5, 15]","[""PhlF/P2"", ""BetI/E1"", ""AmtR/A1"", ""PsrA/R1"", ""SrpR/S3"", ""BM3R1/B3"", ""QacR/Q2""]",0,749.2361328125,True,True,True,True,"[{""perm"": 0, ""r2"": 0.9885, ""maxc"": 779.6203, ""topK"": 749.2361}]"
01a74816,0x07,7,A1,1,1,0.8546441083114372,1,629.5955200195312,0.5589529871940613,"[11, 14, 2, 13, 5, 16, 1]","[""PhlF/P2"", ""QacR/Q1"", ""BetI/E1"", ""PsrA/R1"", ""BM3R1/B3"", ""SrpR/S1"", ""AmtR/A1""]",1,528.6481323242188,True,True,True,True,"[{""perm"": 1, ""r2"": 0.8546, ""maxc"": 629.5955, ""topK"": 528.6481}]"
01c4e3b3,0x07,7,A1,1,1,0.9368867097917144,1,178.88369750976562,0.41409772634506226,"[14, 13, 7, 11, 5, 1, 2]","[""QacR/Q1"", ""PsrA/R1"", ""IcaRA/I1"", ""PhlF/P2"", ""BM3R1/B3"", ""AmtR/A1"", ""BetI/E1""]",1,156.43887939453126,True,True,True,True,"[{""perm"": 1, ""r2"": 0.9369, ""maxc"": 178.8837, ""topK"": 156.4389}]"
8f5136c1,0x71,6,A1,2,0,0.969690915453364,0,124.91826629638672,0.5561211109161377,"[2, 14, 11, 18, 4, 1]","[""BetI/E1"", ""QacR/Q1"", ""PhlF/P2"", ""SrpR/S3"", ""BM3R1/B2"", ""AmtR/A1""]",0,111.85696258544922,True,True,True,True,"[{""perm"": 0, ""r2"": 0.9697, ""maxc"": 124.9183, ""topK"": 111.857}, {""perm"": 1, ""r2"": 0.9692, ""maxc"": 101.8936, ""topK"": 97.095}]"
8f92f4fb,0x71,6,A1,2,0,0.9675848777299711,1,135.02459716796875,0.5264062881469727,"[2, 14, 11, 1, 13, 18]","[""BetI/E1"", ""QacR/Q1"", ""PhlF/P2"", ""AmtR/A1"", ""PsrA/R1"", ""SrpR/S3""]",1,131.19286499023437,False,False,True,False,"[{""perm"": 0, ""r2"": 0.9676, ""maxc"": 127.6129, ""topK"": 118.6098}, {""perm"": 1, ""r2"": 0.9583, ""maxc"": 135.0246, ""topK"": 131.1929}]"
076290ad,0x71,7,A1,2,1,0.9034588947923154,1,250.6414337158203,0.44331473112106323,"[11, 1, 15, 13, 2, 18, 7]","[""PhlF/P2"", ""AmtR/A1"", ""QacR/Q2"", ""PsrA/R1"", ""BetI/E1"", ""SrpR/S3"", ""IcaRA/I1""]",1,218.12276916503907,True,True,True,True,"[{""perm"": 0, ""r2"": 0.8863, ""maxc"": 218.1221, ""topK"": 204.5061}, {""perm"": 1, ""r2"": 0.9035, ""maxc"": 250.6414, ""topK"": 218.1228}]"
199ebd1c,0x8E,5,A2,1,0,0.7765421565143401,0,405.96124267578125,0.6476887464523315,"[11, 14, 2, 4, 1]","[""PhlF/P2"", ""QacR/Q1"", ""BetI/E1"", ""BM3R1/B2"", ""AmtR/A1""]",0,389.9839233398437,True,True,True,True,"[{""perm"": 0, ""r2"": 0.7765, ""maxc"": 405.9612, ""topK"": 389.9839}]"
830cbc6a,0x8E,5,A1,2,0,0.9316729837787822,1,138.36622619628906,0.6690009236335754,"[1, 17, 2, 14, 11]","[""AmtR/A1"", ""SrpR/S2"", ""BetI/E1"", ""QacR/Q1"", ""PhlF/P2""]",1,116.6250732421875,False,False,True,False,"[{""perm"": 0, ""r2"": 0.9317, ""maxc"": 115.479, ""topK"": 109.8038}, {""perm"": 1, ""r2"": 0.9113, ""maxc"": 138.3662, ""topK"": 116.6251}]"
89f39494,0x8E,5,A2,2,0,0.8010477464317973,0,447.4388122558594,0.7127002477645874,"[11, 3, 19, 2, 15]","[""PhlF/P2"", ""BM3R1/B1"", ""SrpR/S4"", ""BetI/E1"", ""QacR/Q2""]",0,408.4199462890625,True,True,True,True,"[{""perm"": 0, ""r2"": 0.801, ""maxc"": 447.4388, ""topK"": 408.4199}, {""perm"": 1, ""r2"": 0.7079, ""maxc"": 419.1277, ""topK"": 403.8595}]"
8d6295b1,0x8E,5,A1,1,1,0.9369546589657024,1,100.03825378417969,0.665188193321228,"[2, 14, 17, 1, 11]","[""BetI/E1"", ""QacR/Q1"", ""SrpR/S2"", ""AmtR/A1"", ""PhlF/P2""]",1,88.09544830322265,True,True,True,True,"[{""perm"": 1, ""r2"": 0.937, ""maxc"": 100.0383, ""topK"": 88.0954}]"
b9ca967f,0x8E,5,A1,2,1,0.9193710884615748,0,89.01364135742188,0.4963666498661041,"[19, 2, 14, 7, 11]","[""SrpR/S4"", ""BetI/E1"", ""QacR/Q1"", ""IcaRA/I1"", ""PhlF/P2""]",0,83.24038543701172,False,False,True,False,"[{""perm"": 0, ""r2"": 0.9112, ""maxc"": 89.0136, ""topK"": 83.2404}, {""perm"": 1, ""r2"": 0.9194, ""maxc"": 62.8347, ""topK"": 60.0955}]"
498a9089,0x8E,6,A1,2,1,0.982247148576414,0,148.8512420654297,0.43997082114219666,"[14, 2, 11, 19, 7, 13]","[""QacR/Q1"", ""BetI/E1"", ""PhlF/P2"", ""SrpR/S4"", ""IcaRA/I1"", ""PsrA/R1""]",0,124.30836639404296,False,False,True,False,"[{""perm"": 0, ""r2"": 0.9803, ""maxc"": 148.8512, ""topK"": 124.3084}, {""perm"": 1, ""r2"": 0.9822, ""maxc"": 120.1281, ""topK"": 114.5299}]"
6c760541,0x8E,6,A1,2,1,0.9653429717997056,1,550.145263671875,0.4815133512020111,"[11, 2, 19, 14, 13, 7]","[""PhlF/P2"", ""BetI/E1"", ""SrpR/S4"", ""QacR/Q1"", ""PsrA/R1"", ""IcaRA/I1""]",1,486.56812744140626,True,True,True,True,"[{""perm"": 0, ""r2"": 0.9562, ""maxc"": 404.5634, ""topK"": 383.3971}, {""perm"": 1, ""r2"": 0.9653, ""maxc"": 550.1453, ""topK"": 486.5681}]"
013f5616,0x8E,7,A1,2,0,0.900852174070247,1,255.5968475341797,0.44223058223724365,"[14, 1, 13, 7, 2, 17, 11]","[""QacR/Q1"", ""AmtR/A1"", ""PsrA/R1"", ""IcaRA/I1"", ""BetI/E1"", ""SrpR/S2"", ""PhlF/P2""]",1,211.0670166015625,False,False,True,False,"[{""perm"": 0, ""r2"": 0.9009, ""maxc"": 175.4839, ""topK"": 164.527}, {""perm"": 1, ""r2"": 0.6804, ""maxc"": 255.5968, ""topK"": 211.067}]"
0271424b,0x8E,7,A2,2,0,0.7676713782833111,1,1519.4893798828125,0.472085177898407,"[13, 11, 15, 3, 19, 7, 2]","[""PsrA/R1"", ""PhlF/P2"", ""QacR/Q2"", ""BM3R1/B1"", ""SrpR/S4"", ""IcaRA/I1"", ""BetI/E1""]",1,1119.5568603515626,False,False,True,False,"[{""perm"": 0, ""r2"": 0.7677, ""maxc"": 553.7047, ""topK"": 508.5376}, {""perm"": 1, ""r2"": 0.6213, ""maxc"": 1519.4894, ""topK"": 1119.5569}]"
083ff9a8,0x8E,7,A2,2,0,0.8070651899599743,1,392.8865051269531,0.411948561668396,"[11, 2, 14, 19, 3, 1, 7]","[""PhlF/P2"", ""BetI/E1"", ""QacR/Q1"", ""SrpR/S4"", ""BM3R1/B1"", ""AmtR/A1"", ""IcaRA/I1""]",1,323.5328430175781,False,False,True,False,"[{""perm"": 0, ""r2"": 0.8071, ""maxc"": 347.5005, ""topK"": 293.1158}, {""perm"": 1, ""r2"": 0.7931, ""maxc"": 392.8865, ""topK"": 323.5328}]"
0f20a32d,0x8E,7,A1,1,1,0.8706792070920079,1,187.84515380859375,0.4454217851161957,"[11, 1, 7, 19, 14, 2, 13]","[""PhlF/P2"", ""AmtR/A1"", ""IcaRA/I1"", ""SrpR/S4"", ""QacR/Q1"", ""BetI/E1"", ""PsrA/R1""]",1,161.62699279785156,True,True,True,True,"[{""perm"": 1, ""r2"": 0.8707, ""maxc"": 187.8452, ""topK"": 161.627}]"
0fb754cb,0x8E,7,A2,1,1,0.7386681194069964,1,311.6598815917969,0.6002430319786072,"[11, 13, 15, 5, 1, 18, 2]","[""PhlF/P2"", ""PsrA/R1"", ""QacR/Q2"", ""BM3R1/B3"", ""AmtR/A1"", ""SrpR/S3"", ""BetI/E1""]",1,288.0478149414063,True,True,True,True,"[{""perm"": 1, ""r2"": 0.7387, ""maxc"": 311.6599, ""topK"": 288.0478}]"
56f94267,0x77,4,A1,2,1,0.9567776950956364,0,146.51284790039062,0.626011073589325,"[14, 13, 1, 11]","[""QacR/Q1"", ""PsrA/R1"", ""AmtR/A1"", ""PhlF/P2""]",0,144.92451171875,False,False,True,False,"[{""perm"": 0, ""r2"": 0.943, ""maxc"": 146.5128, ""topK"": 144.9245}, {""perm"": 1, ""r2"": 0.9568, ""maxc"": 139.1066, ""topK"": 127.8542}]"
5f656235,0x77,4,A1,2,0,0.987339954873496,0,128.20794677734375,0.6237636208534241,"[3, 2, 11, 14]","[""BM3R1/B1"", ""BetI/E1"", ""PhlF/P2"", ""QacR/Q1""]",0,127.6601333618164,True,True,True,True,"[{""perm"": 0, ""r2"": 0.9873, ""maxc"": 128.2079, ""topK"": 127.6601}, {""perm"": 1, ""r2"": 0.9819, ""maxc"": 118.3265, ""topK"": 115.6559}]"
71e1aa86,0x77,4,A1,2,1,0.9661708972047444,1,132.05868530273438,0.6639881134033203,"[4, 1, 11, 14]","[""BM3R1/B2"", ""AmtR/A1"", ""PhlF/P2"", ""QacR/Q1""]",1,129.3881591796875,True,True,True,True,"[{""perm"": 0, ""r2"": 0.9455, ""maxc"": 128.6147, ""topK"": 125.375}, {""perm"": 1, ""r2"": 0.9662, ""maxc"": 132.0587, ""topK"": 129.3882}]"
9cc4c4e3,0x77,4,A1,1,0,0.954067189024062,0,134.9349822998047,0.7267206907272339,"[8, 2, 11, 3]","[""LitR/L1"", ""BetI/E1"", ""PhlF/P2"", ""BM3R1/B1""]",0,128.1428482055664,True,True,True,True,"[{""perm"": 0, ""r2"": 0.9541, ""maxc"": 134.935, ""topK"": 128.1428}]"
9d8f007a,0x77,4,A1,1,1,0.8848120674321038,1,133.80844116210938,0.6502408981323242,"[8, 14, 11, 16]","[""LitR/L1"", ""QacR/Q1"", ""PhlF/P2"", ""SrpR/S1""]",1,127.35476531982422,True,True,True,True,"[{""perm"": 1, ""r2"": 0.8848, ""maxc"": 133.8084, ""topK"": 127.3548}]"
03137b78,0x77,5,A1,2,1,0.9508881885471782,1,144.7233428955078,0.5385482907295227,"[11, 14, 8, 0, 3]","[""PhlF/P2"", ""QacR/Q1"", ""LitR/L1"", ""AmeR/F1"", ""BM3R1/B1""]",1,139.60308837890625,True,True,True,True,"[{""perm"": 0, ""r2"": 0.9471, ""maxc"": 137.3961, ""topK"": 134.0416}, {""perm"": 1, ""r2"": 0.9509, ""maxc"": 144.7233, ""topK"": 139.6031}]"
047684f3,0x77,5,A1,1,0,0.9588192514737204,0,265.41912841796875,0.5912836790084839,"[11, 14, 18, 1, 13]","[""PhlF/P2"", ""QacR/Q1"", ""SrpR/S3"", ""AmtR/A1"", ""PsrA/R1""]",0,252.0440216064453,True,True,True,True,"[{""perm"": 0, ""r2"": 0.9588, ""maxc"": 265.4191, ""topK"": 252.044}]"
104084ad,0x77,5,A1,1,1,0.9926295639703392,1,132.27798461914062,0.5910817980766296,"[14, 11, 16, 0, 5]","[""QacR/Q1"", ""PhlF/P2"", ""SrpR/S1"", ""AmeR/F1"", ""BM3R1/B3""]",1,131.28721313476564,True,True,True,True,"[{""perm"": 1, ""r2"": 0.9926, ""maxc"": 132.278, ""topK"": 131.2872}]"
10c2e7be,0x77,5,A1,2,0,0.9579006885379652,0,162.0889434814453,0.5277636647224426,"[11, 14, 0, 6, 2]","[""PhlF/P2"", ""QacR/Q1"", ""AmeR/F1"", ""HlyIIR/H1"", ""BetI/E1""]",0,155.42782897949218,True,True,True,True,"[{""perm"": 0, ""r2"": 0.9579, ""maxc"": 162.0889, ""topK"": 155.4278}, {""perm"": 1, ""r2"": 0.944, ""maxc"": 138.5336, ""topK"": 133.9269}]"
1cdd5bae,0x77,5,A1,1,0,0.9498919151299676,0,149.50624084472656,0.5509125590324402,"[11, 14, 16, 6, 8]","[""PhlF/P2"", ""QacR/Q1"", ""SrpR/S1"", ""HlyIIR/H1"", ""LitR/L1""]",0,147.4384735107422,True,True,True,True,"[{""perm"": 0, ""r2"": 0.9499, ""maxc"": 149.5062, ""topK"": 147.4385}]"
00cab20a,0x77,6,A1,1,0,0.988726983980614,0,111.86260223388672,0.4520064890384674,"[6, 16, 3, 14, 13, 11]","[""HlyIIR/H1"", ""SrpR/S1"", ""BM3R1/B1"", ""QacR/Q1"", ""PsrA/R1"", ""PhlF/P2""]",0,110.75122680664063,True,True,True,True,"[{""perm"": 0, ""r2"": 0.9887, ""maxc"": 111.8626, ""topK"": 110.7512}]"
00e58ea1,0x77,6,A1,1,0,0.9762278336526524,0,306.0123596191406,0.46227917075157166,"[6, 3, 1, 13, 11, 14]","[""HlyIIR/H1"", ""BM3R1/B1"", ""AmtR/A1"", ""PsrA/R1"", ""PhlF/P2"", ""QacR/Q1""]",0,297.83197021484375,True,True,True,True,"[{""perm"": 0, ""r2"": 0.9762, ""maxc"": 306.0124, ""topK"": 297.832}]"
019a5192,0x77,6,A1,1,0,0.997522854665694,0,152.21461486816406,0.5127444267272949,"[18, 14, 11, 3, 6, 0]","[""SrpR/S3"", ""QacR/Q1"", ""PhlF/P2"", ""BM3R1/B1"", ""HlyIIR/H1"", ""AmeR/F1""]",0,150.75194396972657,True,True,True,True,"[{""perm"": 0, ""r2"": 0.9975, ""maxc"": 152.2146, ""topK"": 150.7519}]"
07a57303,0x77,6,A1,1,1,0.9870696735425314,1,133.9690704345703,0.48767170310020447,"[13, 14, 11, 16, 8, 0]","[""PsrA/R1"", ""QacR/Q1"", ""PhlF/P2"", ""SrpR/S1"", ""LitR/L1"", ""AmeR/F1""]",1,133.2056427001953,True,True,True,True,"[{""perm"": 1, ""r2"": 0.9871, ""maxc"": 133.9691, ""topK"": 133.2056}]"
098247b0,0x77,6,A1,1,0,0.928431936765522,0,627.771240234375,0.656843364238739,"[5, 13, 11, 16, 15, 1]","[""BM3R1/B3"", ""PsrA/R1"", ""PhlF/P2"", ""SrpR/S1"", ""QacR/Q2"", ""AmtR/A1""]",0,605.76416015625,True,True,True,True,"[{""perm"": 0, ""r2"": 0.9284, ""maxc"": 627.7712, ""topK"": 605.7642}]"
01f4a154,0x77,7,A1,1,0,0.9764455595072524,0,538.5833129882812,0.4976905286312103,"[11, 14, 3, 1, 8, 16, 13]","[""PhlF/P2"", ""QacR/Q1"", ""BM3R1/B1"", ""AmtR/A1"", ""LitR/L1"", ""SrpR/S1"", ""PsrA/R1""]",0,471.9770141601563,True,True,True,True,"[{""perm"": 0, ""r2"": 0.9764, ""maxc"": 538.5833, ""topK"": 471.977}]"
0857254f,0x77,7,A1,2,0,0.9703187637680692,1,377.0743103027344,0.3486197292804718,"[1, 7, 8, 6, 13, 11, 14]","[""AmtR/A1"", ""IcaRA/I1"", ""LitR/L1"", ""HlyIIR/H1"", ""PsrA/R1"", ""PhlF/P2"", ""QacR/Q1""]",1,342.5671875,False,False,True,False,"[{""perm"": 0, ""r2"": 0.9703, ""maxc"": 141.7001, ""topK"": 139.2891}, {""perm"": 1, ""r2"": 0.9574, ""maxc"": 377.0743, ""topK"": 342.5672}]"
09a32db6,0x77,7,A1,1,0,0.99238866101607,0,141.7405548095703,0.35813847184181213,"[11, 14, 16, 2, 7, 4, 1]","[""PhlF/P2"", ""QacR/Q1"", ""SrpR/S1"", ""BetI/E1"", ""IcaRA/I1"", ""BM3R1/B2"", ""AmtR/A1""]",0,140.14165954589845,True,True,True,True,"[{""perm"": 0, ""r2"": 0.9924, ""maxc"": 141.7406, ""topK"": 140.1417}]"
09f55c47,0x77,7,A1,2,0,0.9858075245875042,0,145.36532592773438,0.4844099283218384,"[11, 14, 0, 13, 16, 9, 1]","[""PhlF/P2"", ""QacR/Q1"", ""AmeR/F1"", ""PsrA/R1"", ""SrpR/S1"", ""LmrA/N1"", ""AmtR/A1""]",0,143.85339965820313,True,True,True,True,"[{""perm"": 0, ""r2"": 0.9858, ""maxc"": 145.3653, ""topK"": 143.8534}, {""perm"": 1, ""r2"": 0.9828, ""maxc"": 131.6296, ""topK"": 130.9751}]"
0a095a06,0x77,7,A1,2,0,0.996007361798383,1,145.64329528808594,0.423065185546875,"[14, 2, 1, 11, 6, 4, 16]","[""QacR/Q1"", ""BetI/E1"", ""AmtR/A1"", ""PhlF/P2"", ""HlyIIR/H1"", ""BM3R1/B2"", ""SrpR/S1""]",1,143.9059265136719,False,False,True,False,"[{""perm"": 0, ""r2"": 0.996, ""maxc"": 133.6818, ""topK"": 133.0904}, {""perm"": 1, ""r2"": 0.995, ""maxc"": 145.6433, ""topK"": 143.9059}]"
660178a5,"['0x47', '0x1B']",4,A1,1,0,0.9116285896240588,0,66.11958312988281,0.6677267551422119,"[3, 1, 11, 14]","[""BM3R1/B1"", ""AmtR/A1"", ""PhlF/P2"", ""QacR/Q1""]",0,60.9465835571289,True,True,True,True,"[{""perm"": 0, ""r2"": 0.9116, ""maxc"": 66.1196, ""topK"": 60.9466}]"
cd9571ae,"['0x47', '0x1B']",4,A1,1,0,0.8637246913892198,0,108.20695495605469,0.7403441667556763,"[19, 2, 11, 14]","[""SrpR/S4"", ""BetI/E1"", ""PhlF/P2"", ""QacR/Q1""]",0,86.3096939086914,True,True,True,True,"[{""perm"": 0, ""r2"": 0.8637, ""maxc"": 108.207, ""topK"": 86.3097}]"
0abd6f97,"['0x47', '0x1B']",5,A2,1,0,0.8283067130254143,0,173.46371459960938,0.6714795827865601,"[14, 19, 2, 13, 11]","[""QacR/Q1"", ""SrpR/S4"", ""BetI/E1"", ""PsrA/R1"", ""PhlF/P2""]",0,164.90812072753906,True,True,True,True,"[{""perm"": 0, ""r2"": 0.8283, ""maxc"": 173.4637, ""topK"": 164.9081}]"
147e9960,"['0x47', '0x1B']",5,A1,1,0,0.9429292307226372,0,243.3317108154297,0.6464459896087646,"[14, 11, 2, 19, 13]","[""QacR/Q1"", ""PhlF/P2"", ""BetI/E1"", ""SrpR/S4"", ""PsrA/R1""]",0,224.27311096191406,True,True,True,True,"[{""perm"": 0, ""r2"": 0.9429, ""maxc"": 243.3317, ""topK"": 224.2731}]"
148597e8,0x47,5,A1,1,0,0.884896221180182,0,153.2921905517578,0.6493557095527649,"[14, 2, 19, 13, 11]","[""QacR/Q1"", ""BetI/E1"", ""SrpR/S4"", ""PsrA/R1"", ""PhlF/P2""]",0,145.5443359375,True,True,True,True,"[{""perm"": 0, ""r2"": 0.8849, ""maxc"": 153.2922, ""topK"": 145.5443}]"
1f41e344,"['0x47', '0x1B']",5,A1,1,0,0.9128441262301418,0,213.3660888671875,0.6328586339950562,"[14, 13, 19, 2, 11]","[""QacR/Q1"", ""PsrA/R1"", ""SrpR/S4"", ""BetI/E1"", ""PhlF/P2""]",0,179.02581787109375,True,True,True,True,"[{""perm"": 0, ""r2"": 0.9128, ""maxc"": 213.3661, ""topK"": 179.0258}]"
28c6d3bb,0x47,5,A1,1,0,0.9118829578218344,0,113.7252426147461,0.5925191640853882,"[14, 13, 11, 19, 1]","[""QacR/Q1"", ""PsrA/R1"", ""PhlF/P2"", ""SrpR/S4"", ""AmtR/A1""]",0,108.0498046875,True,True,True,True,"[{""perm"": 0, ""r2"": 0.9119, ""maxc"": 113.7252, ""topK"": 108.0498}]"
02dd2ca8,"['0x47', '0x1B']",6,A1,1,0,0.9841591705439126,0,139.40843200683594,0.6214331388473511,"[14, 2, 19, 11, 13, 5]","[""QacR/Q1"", ""BetI/E1"", ""SrpR/S4"", ""PhlF/P2"", ""PsrA/R1"", ""BM3R1/B3""]",0,138.63304443359374,True,True,True,True,"[{""perm"": 0, ""r2"": 0.9842, ""maxc"": 139.4084, ""topK"": 138.633}]"
0ec7dcf1,0x47,6,A1,1,0,0.997496657251975,0,134.0530242919922,0.3763883113861084,"[14, 9, 4, 16, 7, 11]","[""QacR/Q1"", ""LmrA/N1"", ""BM3R1/B2"", ""SrpR/S1"", ""IcaRA/I1"", ""PhlF/P2""]",0,133.39410705566405,True,True,True,True,"[{""perm"": 0, ""r2"": 0.9975, ""maxc"": 134.053, ""topK"": 133.3941}]"
10349a42,0x47,6,A1,1,0,0.9975379634585212,0,135.28793334960938,0.39290621876716614,"[14, 18, 7, 11, 1, 9]","[""QacR/Q1"", ""SrpR/S3"", ""IcaRA/I1"", ""PhlF/P2"", ""AmtR/A1"", ""LmrA/N1""]",0,134.71379699707032,True,True,True,True,"[{""perm"": 0, ""r2"": 0.9975, ""maxc"": 135.2879, ""topK"": 134.7138}]"
0070f10b,0x47,7,A2,1,0,0.8037266233313708,0,792.3912963867188,0.39731428027153015,"[11, 1, 14, 19, 13, 7, 4]","[""PhlF/P2"", ""AmtR/A1"", ""QacR/Q1"", ""SrpR/S4"", ""PsrA/R1"", ""IcaRA/I1"", ""BM3R1/B2""]",0,672.3254516601562,True,True,True,True,"[{""perm"": 0, ""r2"": 0.8037, ""maxc"": 792.3913, ""topK"": 672.3255}]"
00b0114d,"['0x47', '0x1B']",7,A1,1,0,0.9215146284296528,0,375.7166748046875,0.40600213408470154,"[11, 6, 19, 7, 2, 13, 15]","[""PhlF/P2"", ""HlyIIR/H1"", ""SrpR/S4"", ""IcaRA/I1"", ""BetI/E1"", ""PsrA/R1"", ""QacR/Q2""]",0,342.6017700195313,True,True,True,True,"[{""perm"": 0, ""r2"": 0.9215, ""maxc"": 375.7167, ""topK"": 342.6018}]"
00d162df,"['0x47', '0x1B']",7,A2,1,0,0.7778729201878498,0,1007.4312744140625,0.4517517685890198,"[11, 1, 14, 19, 7, 2, 13]","[""PhlF/P2"", ""AmtR/A1"", ""QacR/Q1"", ""SrpR/S4"", ""IcaRA/I1"", ""BetI/E1"", ""PsrA/R1""]",0,636.0262634277344,True,True,True,True,"[{""perm"": 0, ""r2"": 0.7779, ""maxc"": 1007.4313, ""topK"": 636.0263}]"
0201c198,0x47,7,A1,1,0,0.9745486588747748,0,152.12435913085938,0.42310410737991333,"[14, 4, 13, 6, 2, 18, 11]","[""QacR/Q1"", ""BM3R1/B2"", ""PsrA/R1"", ""HlyIIR/H1"", ""BetI/E1"", ""SrpR/S3"", ""PhlF/P2""]",0,143.05126953125,True,True,True,True,"[{""perm"": 0, ""r2"": 0.9745, ""maxc"": 152.1244, ""topK"": 143.0513}]"
0869e90d,0x47,7,A1,1,0,0.9799740087915012,0,131.72134399414062,0.34002190828323364,"[14, 13, 0, 16, 1, 7, 11]","[""QacR/Q1"", ""PsrA/R1"", ""AmeR/F1"", ""SrpR/S1"", ""AmtR/A1"", ""IcaRA/I1"", ""PhlF/P2""]",0,127.71573791503906,True,True,True,True,"[{""perm"": 0, ""r2"": 0.98, ""maxc"": 131.7213, ""topK"": 127.7157}]"
91c94c8d,0x1B,4,A1,1,0,0.9163133136112526,0,105.52185821533203,0.4517301321029663,"[14, 7, 17, 11]","[""QacR/Q1"", ""IcaRA/I1"", ""SrpR/S2"", ""PhlF/P2""]",0,93.5556854248047,True,True,True,True,"[{""perm"": 0, ""r2"": 0.9163, ""maxc"": 105.5219, ""topK"": 93.5557}]"
badf61a8,0x1B,4,A1,1,0,0.9405301829115568,0,86.94499969482422,0.6273996829986572,"[14, 13, 2, 11]","[""QacR/Q1"", ""PsrA/R1"", ""BetI/E1"", ""PhlF/P2""]",0,80.8528839111328,True,True,True,True,"[{""perm"": 0, ""r2"": 0.9405, ""maxc"": 86.945, ""topK"": 80.8529}]"
0b96a9dc,0x1B,5,A1,1,0,0.8947397787465879,0,80.41431427001953,0.6699543595314026,"[14, 19, 11, 13, 2]","[""QacR/Q1"", ""SrpR/S4"", ""PhlF/P2"", ""PsrA/R1"", ""BetI/E1""]",0,75.29217834472657,True,True,True,True,"[{""perm"": 0, ""r2"": 0.8947, ""maxc"": 80.4143, ""topK"": 75.2922}]"
10211231,0x1B,5,A1,1,0,0.9010539694481116,0,107.8045425415039,0.6543903350830078,"[14, 19, 13, 2, 11]","[""QacR/Q1"", ""SrpR/S4"", ""PsrA/R1"", ""BetI/E1"", ""PhlF/P2""]",0,103.55670776367188,True,True,True,True,"[{""perm"": 0, ""r2"": 0.9011, ""maxc"": 107.8045, ""topK"": 103.5567}]"
05771a23,0x1B,6,A1,1,0,0.9840949238153068,0,82.0003890991211,0.6128023266792297,"[14, 5, 13, 19, 2, 11]","[""QacR/Q1"", ""BM3R1/B3"", ""PsrA/R1"", ""SrpR/S4"", ""BetI/E1"", ""PhlF/P2""]",0,80.36216888427734,True,True,True,True,"[{""perm"": 0, ""r2"": 0.9841, ""maxc"": 82.0004, ""topK"": 80.3622}]"
0a3768e5,0x1B,6,A1,1,0,0.995425614327146,0,103.83173370361328,0.6216439604759216,"[14, 19, 11, 1, 13, 2]","[""QacR/Q1"", ""SrpR/S4"", ""PhlF/P2"", ""AmtR/A1"", ""PsrA/R1"", ""BetI/E1""]",0,103.3862075805664,True,True,True,True,"[{""perm"": 0, ""r2"": 0.9954, ""maxc"": 103.8317, ""topK"": 103.3862}]"
009d5d18,0x1B,7,A1,1,0,0.9629429023651174,0,39.75764465332031,0.4733458161354065,"[2, 7, 3, 19, 13, 15, 11]","[""BetI/E1"", ""IcaRA/I1"", ""BM3R1/B1"", ""SrpR/S4"", ""PsrA/R1"", ""QacR/Q2"", ""PhlF/P2""]",0,37.27084884643555,True,True,True,True,"[{""perm"": 0, ""r2"": 0.9629, ""maxc"": 39.7576, ""topK"": 37.2708}]"
017c44d7,0x1B,7,A1,1,0,0.9542214847759456,0,98.91100311279297,0.5690197348594666,"[1, 2, 19, 8, 13, 11, 14]","[""AmtR/A1"", ""BetI/E1"", ""SrpR/S4"", ""LitR/L1"", ""PsrA/R1"", ""PhlF/P2"", ""QacR/Q1""]",0,90.29354858398438,True,True,True,True,"[{""perm"": 0, ""r2"": 0.9542, ""maxc"": 98.911, ""topK"": 90.2935}]"
02b5456c,0x1B,7,A1,1,0,0.9407559317008866,0,127.77035522460938,0.46430447697639465,"[3, 16, 14, 2, 13, 6, 11]","[""BM3R1/B1"", ""SrpR/S1"", ""QacR/Q1"", ""BetI/E1"", ""PsrA/R1"", ""HlyIIR/H1"", ""PhlF/P2""]",0,118.63040008544922,True,True,True,True,"[{""perm"": 0, ""r2"": 0.9408, ""maxc"": 127.7704, ""topK"": 118.6304}]"
