topology_id,source,regulator_count,qc_tier,n_designs_total,best_perm,n_top_01_circuit_S,n_top_05_circuit_S,n_top_10_circuit_S,n_top_25_circuit_S,n_bot_25_circuit_S,n_bot_10_circuit_S,n_bot_05_circuit_S,n_bot_01_circuit_S,n_top_01_toxicity_S,n_top_05_toxicity_S,n_top_10_toxicity_S,n_top_25_toxicity_S,n_bot_25_toxicity_S,n_bot_10_toxicity_S,n_bot_05_toxicity_S,n_bot_01_toxicity_S
001e156f,"[""0x03""]",4,A1,74736,1,1226,5806,14300,34841,14229,9070,243,0,1700,6938,12374,27087,14109,4216,1466,58
019e39ef,"[""0x03""]",4,A1,74736,1,1279,7217,16722,36296,15802,6935,0,0,503,3272,7054,19583,16806,5097,1836,68
0204839c,"[""0x07""]",4,A1,74736,0,0,47,539,6526,47178,10229,7004,3834,908,4415,8913,21598,15673,5084,2062,225
03b5c679,"[""0xEE""]",4,A1,74736,1,871,5924,12359,28017,12242,2526,0,0,1135,5545,10697,24935,14004,4014,1209,13
0c2c6466,"[""0xEE""]",4,A1,74736,0,1245,10116,17168,31378,0,0,0,0,1055,5452,10300,22542,15398,5090,2409,371
0dc43646,"[""0xEE""]",4,A1,74736,1,975,6179,11591,19772,26128,0,0,0,509,3538,7608,20364,16582,5643,2608,157
121452f9,"[""0xCC""]",4,A1,74736,0,9945,26636,35830,48681,1,0,0,0,1213,4799,8619,20135,17578,6868,3263,555
16db710e,"[""0x07""]",4,A2,74736,0,0,47,803,5848,0,0,0,0,1678,6901,12322,26818,14817,4831,2087,53
1b87f351,"[""0xEE""]",4,A1,74736,0,236,5708,10146,19703,0,0,0,0,550,4649,9586,22411,14465,4721,2412,415
20e11378,"[""0xEE""]",4,A1,74736,1,243,4850,9296,19110,27570,0,0,0,69,1124,2944,11043,22927,10495,5498,1288
2846df4c,"[""0x33"", ""0x0F""]",4,A1,74736,1,1779,9450,19411,34699,0,0,0,0,75,1585,4115,13423,22567,10033,5435,1300
2f0ee7b4,"[""0x03""]",4,A1,74736,1,685,5067,9420,19009,0,0,0,0,305,2711,6204,17603,18161,6400,2673,192
323dda67,"[""0x07""]",4,A1,74736,0,0,129,961,6894,0,0,0,0,1017,4575,8807,20782,18142,7207,3669,776
41ca0731,"[""0x07"", ""0x1B""]",4,A1,74736,1,0,36,462,6367,39420,5991,2965,1062,466,2384,5180,14827,19863,8801,4280,717
56f94267,"[""0x77""]",4,A1,74736,1,0,769,3348,17151,0,0,0,0,679,3498,7358,18559,19528,8170,4434,1155
5f656235,"[""0x77""]",4,A1,74736,0,0,1169,4654,25094,13630,775,0,0,489,2762,5900,15671,21162,9345,5170,1291
660178a5,"[""0x47"", ""0x1B""]",4,A1,74736,0,0,2,430,5811,53605,32569,21250,0,171,1557,3932,12720,22472,10107,5677,1524
68236200,"[""0x03""]",4,A2,74736,1,234,2463,5207,13576,21531,4868,345,31,1341,5648,10592,24473,15060,3944,1132,45
71e1aa86,"[""0x77""]",4,A1,74736,1,0,686,2713,13781,8486,0,0,0,447,2538,5408,14721,20849,9234,4840,938
7868634e,"[""0x03""]",4,A1,74736,0,1461,6483,15150,34696,7725,2554,1,0,3020,10304,17122,32526,12547,3072,1013,39
91c94c8d,"[""0x1B""]",4,A1,74736,0,0,49,781,9159,29736,15117,7999,1266,273,1956,4673,13765,22382,10646,5967,1328
9cc4c4e3,"[""0x77""]",4,A1,74736,0,0,1244,5019,23988,0,0,0,0,1015,4310,8063,19519,18770,8234,4261,927
9d8f007a,"[""0x77""]",4,A1,74736,1,0,744,3578,19060,5025,0,0,0,304,2070,4770,13842,22157,9958,5607,1468
badf61a8,"[""0x1B""]",4,A1,74736,0,0,46,513,8828,41840,21917,7068,4,173,1583,3948,12411,22910,10948,5975,1436
cd9571ae,"[""0x47"", ""0x1B""]",4,A1,74736,0,0,18,421,6248,43929,32947,24589,1252,570,2934,6117,15775,21344,9728,5092,1293
deab6c1f,"[""0x2B"", ""0x4D"", ""0x71""]",4,A1,74736,0,0,7,689,5560,45906,26458,8255,0,257,1915,4544,13625,21901,9634,5208,1315
ea89a821,"[""0x2B"", ""0x4D"", ""0x71""]",4,A2,74736,0,0,0,274,4378,50485,29832,21174,12730,257,1932,4639,13710,22296,10268,5615,1231
00685be0,"[""0x0F""]",5,A1,875520,0,24255,121082,255716,489466,147247,14,0,0,8528,44858,90827,229780,201397,68599,29173,3194
009fd716,"[""0x03""]",5,A1,875520,1,21162,114666,227968,442988,35924,0,0,0,16252,66511,121443,270529,191821,67017,30460,5921
01160282,"[""0x03""]",5,A1,875520,0,12747,43852,77229,170608,15,0,0,0,3130,24541,55570,162909,258858,116249,62303,12994
02c2394e,"[""0x07""]",5,A1,875520,1,192,7840,27547,119034,0,0,0,0,2232,20859,51032,163444,256655,109938,58417,14173
02f0946b,"[""0x0F""]",5,A1,875520,1,17060,84679,192008,441794,165864,57976,0,0,3432,27620,63864,192581,227884,80579,34961,6035
03137b78,"[""0x77""]",5,A1,875520,1,1,22726,84998,347309,0,0,0,0,3470,21984,47554,142754,281832,139716,80851,22454
0367de62,"[""0xEE""]",5,A1,875520,1,11226,86424,142171,286428,0,0,0,0,11690,55076,107586,257972,183556,59227,25756,3711
038b4a59,"[""0x33"", ""0x0F""]",5,A1,875520,1,98644,284826,367969,568734,0,0,0,0,3237,25683,60009,176109,241949,103574,54485,11510
0392d2d2,"[""0xEE""]",5,A1,875520,1,18583,86182,178756,437929,38267,0,0,0,18491,80206,147589,318990,137885,34107,11398,904
047684f3,"[""0x77""]",5,A1,875520,0,116,6510,21657,104384,248043,0,0,0,16830,74321,139121,304057,169667,54314,22311,2
0489dcd5,"[""0xCC""]",5,A1,875520,0,30428,96365,147979,325646,1131,0,0,0,1945,21402,52494,160460,249773,103479,53496,10430
054e8a38,"[""0x0F""]",5,A1,875520,1,25965,155529,302782,582202,0,0,0,0,8561,50427,100977,243061,190996,71609,33314,5428
05bb7f91,"[""0x03""]",5,A2,875520,1,21662,109707,247105,493331,0,0,0,0,27494,101580,179884,364723,116779,25061,5986,0
05ce3955,"[""0xCC""]",5,A1,875520,1,8663,40416,88732,229729,436623,0,0,0,21785,78775,138048,290683,179053,59828,25889,3821
0608bf36,"[""0x07""]",5,A2,875520,1,3467,23135,46790,152857,0,0,0,0,3088,23665,54289,162037,255677,112123,59444,13604
072f2e06,"[""0x33"", ""0x0F""]",5,A1,875520,0,21168,165961,298230,506193,0,0,0,0,1324,15133,39249,130899,304890,160319,101017,32371
081a8405,"[""0x03""]",5,A1,875520,0,19864,105981,241036,497462,35422,0,0,0,23481,84584,148480,307570,167942,51063,19748,2862
0899c0ab,"[""0x03""]",5,A1,875520,0,13027,53278,88888,182775,0,0,0,0,19469,72943,130061,281687,184193,63543,27425,3659
08fef3b6,"[""0x07""]",5,A1,875520,0,1,5489,25796,169704,311973,98304,7,0,5384,32106,69150,186739,225360,89991,43773,8368
0abd6f97,"[""0x47"", ""0x1B""]",5,A2,875520,0,11,2677,11264,63779,565670,147431,23091,0,5978,32762,68847,188748,238572,98230,47503,9263
0b96a9dc,"[""0x1B""]",5,A1,875520,0,0,314,4689,58313,577400,436369,324444,0,9149,38180,73096,184177,253556,118833,63206,13333
10211231,"[""0x1B""]",5,A1,875520,0,0,748,5811,58350,510563,227506,132317,62839,10839,55499,110691,266542,184592,62847,26349,3361
104084ad,"[""0x77""]",5,A1,875520,1,0,34476,115825,383671,0,0,0,0,9126,41389,79034,197308,257142,120752,68670,17867
10c2e7be,"[""0x77""]",5,A1,875520,0,52,25495,88050,335288,0,0,0,0,9862,46289,91068,222607,219535,90181,46406,7389
127e231c,"[""0xEE""]",5,A1,875520,0,5282,32060,74832,260587,299006,0,0,0,10701,57580,116877,278540,163750,42027,13096,421
147e9960,"[""0x47"", ""0x1B""]",5,A1,875520,0,60,3985,15904,78005,488045,110769,0,0,11103,52237,100995,241906,203547,77697,36836,6860
148597e8,"[""0x47""]",5,A1,875520,0,6,1030,8078,71825,344738,22343,0,0,8027,46146,97220,248762,197990,68050,29690,2310
14ec46f1,"[""0xEE""]",5,A1,875520,1,20695,111224,174647,353463,0,0,0,0,11907,58560,112931,262272,167630,46364,15335,0
199ebd1c,"[""0x8E""]",5,A2,875520,0,406,5665,17080,81798,0,0,0,0,1770,17997,45278,150867,266189,122300,65316,14910
1b94262d,"[""0xEE""]",5,A2,875520,0,346,10022,26922,114219,0,0,0,0,14921,68060,131074,297021,143747,34311,11497,228
1cdd5bae,"[""0x77""]",5,A1,875520,0,12,16190,58610,253172,0,0,0,0,6471,36291,76245,206712,209105,82267,41353,7189
1f41e344,"[""0x47"", ""0x1B""]",5,A1,875520,0,12,1781,8912,70006,430791,81633,0,0,8615,45474,90697,226219,211105,75325,33759,4993
28c6d3bb,"[""0x47""]",5,A1,875520,0,0,971,8068,76767,359952,137791,70423,36382,5835,33062,68959,188471,236774,98522,47865,9169
4ca37011,"[""0x17""]",5,A1,875520,5,5,1438,7249,56622,577651,406985,260739,0,8145,44325,89128,219973,224043,92272,46448,8975
4e6f5b1a,"[""0x17""]",5,A1,875520,1,0,343,4225,58389,347541,203612,112378,64534,3565,26491,58910,170011,255442,115288,62110,14091
77634763,"[""0x06""]",5,A1,875520,0,608,7082,16511,62813,16,0,0,0,3055,24860,57852,173644,255524,113109,60725,12711
830cbc6a,"[""0x8E""]",5,A1,875520,0,0,964,7424,52779,612870,390803,71760,0,4141,29996,65946,184610,243647,103134,53037,10830
89f39494,"[""0x8E""]",5,A2,875520,0,743,8593,20980,84162,478538,0,0,0,1702,17554,44512,147769,264006,118760,62224,13110
8d6295b1,"[""0x8E""]",5,A1,875520,1,0,255,4297,58898,416013,234068,155719,99593,5064,34426,73887,198744,237201,99763,51605,10581
96cc1443,"[""0x17""]",5,A1,875520,2,0,508,5024,63806,324386,157469,85981,41604,7041,42967,88393,218213,227639,95003,48684,10218
b9ca967f,"[""0x8E""]",5,A1,875520,1,0,149,3923,46165,590276,349197,169489,71320,6944,37211,73851,192927,239116,100271,50717,9279
cedb356c,"[""0x06""]",5,A1,875520,0,0,208,3774,49548,618995,480441,368312,0,4089,30982,69978,194007,235439,99970,51383,10347
e4c14f22,"[""0x2B"", ""0x4D"", ""0x71""]",5,A1,875520,0,0,1546,9279,70844,448881,222026,107708,202,8595,41752,82037,204804,250383,119121,68351,17592
00340848,"[""0xCC""]",6,A1,8739360,1,325785,1119313,1779920,5243281,0,0,0,0,51224,311597,670201,1849807,2458565,1059810,569205,131375
003c0fe1,"[""0x07""]",6,A1,8739360,1,2706,41786,138806,730024,0,0,0,0,320185,1095601,1811365,3415817,1219399,307110,108301,9803
0055f301,"[""0x03""]",6,A1,8739360,0,230074,932075,1566450,3968656,0,0,0,0,130394,555162,1043240,2462552,1977741,710784,320462,49793
0064e4f7,"[""0xCC""]",6,A1,8739360,1,263323,942528,1525502,3411586,1467216,0,0,0,120770,553743,1071560,2554087,1854366,633652,277709,38392
00cab20a,"[""0x77""]",6,A1,8739360,0,2,30807,303287,1449385,1118505,150206,867,0,95141,472212,951203,2360377,2039183,763135,367037,66534
00e58ea1,"[""0x77""]",6,A1,8739360,0,785,79127,345500,1438957,1668201,689029,322294,159,50625,332039,728243,2049108,2223009,864332,417192,73811
01276479,"[""0x2C""]",6,A1,8739360,0,3,12245,95382,570116,4534243,2466588,1485824,527996,17044,175680,448971,1440413,2733473,1256430,703025,171844
01316716,"[""0xCC""]",6,A1,8739360,0,1223488,2972815,3934427,8163776,0,0,0,0,225659,857125,1487210,3027083,1467697,459067,190098,26035
016fb08b,"[""0x0F""]",6,A1,8739360,0,231554,2058744,3802217,6126555,1248559,0,0,0,113176,596525,1188891,2827483,1454051,373471,126482,10189
019a5192,"[""0x77""]",6,A1,8739360,0,11432,665439,2417069,4435879,133703,0,0,0,162628,667975,1235106,2763902,1610659,551440,255305,44223
01bb328f,"[""0xEE""]",6,A1,8739360,0,323890,1369572,2225970,4208976,1265955,82808,0,0,84039,473577,957166,2339783,1878576,657237,290420,48044
01d6c96b,"[""0x03""]",6,A1,8739360,0,18554,171442,383355,1488072,0,0,0,0,74184,427125,892407,2323012,2055755,762940,347962,55102
01f602ff,"[""0xEE""]",6,A1,8739360,1,35415,219194,450813,1354834,1478202,527417,81802,1057,149939,691467,1300969,2884743,1502108,436584,163148,18633
026c6361,"[""0x0F""]",6,A1,8739360,0,373135,2766796,4436365,6243635,587964,76511,0,0,164694,720941,1350287,2996358,1495051,421188,154089,13508
0290090c,"[""0x03""]",6,A1,8739360,1,237522,2043902,3857452,6121570,1591317,0,0,0,272749,975541,1673102,3355054,1355175,320193,105320,7925
029bd500,"[""0x03""]",6,A1,8739360,1,223042,2022108,3677770,7672286,0,0,0,0,85764,443092,873894,2204313,2222990,877698,434763,81327
02aaa5f4,"[""0x33""]",6,A1,8739360,0,1358515,3031428,3748660,7425128,0,0,0,0,47236,293449,644118,1856768,2433439,1003301,501385,93457
02dd2ca8,"[""0x47"", ""0x1B""]",6,A1,8739360,0,272,45904,347844,1448880,3164294,922444,360625,1055,90988,461412,914851,2250386,2028216,757321,355460,60715
02f0b000,"[""0xEE""]",6,A1,8739360,1,54052,446093,1163926,2916141,3643631,21697,0,0,101978,525714,1035287,2527600,1677301,533899,225061,30097
03a28722,"[""0x3C""]",6,A1,8739360,0,11228,120997,339786,1284087,922378,298565,0,0,58645,381484,794682,2035129,2225761,891010,441839,88463
040614cc,"[""0x03""]",6,A1,8739360,0,99583,564285,1108176,4378629,0,0,0,0,172040,762547,1401821,3011437,1356098,377065,138392,15991
043ead30,"[""0xEE""]",6,A1,8739360,1,18927,236939,519152,1377207,1639242,809460,483465,184175,216226,849702,1491327,3061830,1384811,389911,158380,20874
054721c9,"[""0xEE""]",6,A1,8739360,1,66346,534619,1320551,3539744,2701812,18478,0,0,84391,457356,936118,2364488,1828534,584418,241577,33466
05771a23,"[""0x1B""]",6,A1,8739360,0,0,8044,135337,1012030,3176944,794987,118232,1639,45674,304015,674913,1891530,2450613,1015389,506164,97502
0595ffad,"[""0x33""]",6,A1,8739360,1,336162,2604596,4028809,6245149,1524494,0,0,0,229940,904607,1590118,3194411,1464274,411444,165701,19080
078f63d3,"[""0x07""]",6,A1,8739360,0,7982,67804,156496,637088,0,0,0,0,144770,681210,1319618,3009787,1487575,414744,151057,15126
07a57303,"[""0x77""]",6,A1,8739360,1,1931,562503,2326261,4331951,91994,0,0,0,149198,645440,1215421,2782896,1672443,548068,234319,36263
07c3b91a,"[""0x07""]",6,A1,8739360,1,2,11080,104877,641173,2196729,661726,252809,7862,166713,730989,1363308,2980835,1605131,474517,181015,20653
089de4f9,"[""0x07""]",6,A1,8739360,0,6163,94007,392863,2029195,1831719,973290,422193,0,42098,282309,623547,1740430,2670160,1247641,690030,164637
098247b0,"[""0x77""]",6,A1,8739360,0,4137,81730,338001,1589369,370276,60,0,0,68960,405730,862072,2245269,2148391,839207,401220,67441
0a3768e5,"[""0x1B""]",6,A1,8739360,0,0,114144,729993,2400022,3177794,1402247,732156,119145,144773,632689,1166612,2615233,1779481,654907,303744,51450
0d5b01b1,"[""0x2C""]",6,A1,8739360,0,527,31111,103711,616296,2181683,675276,296896,57472,44336,315031,700065,1905652,2379331,967403,464070,85202
0e00a42e,"[""0x4D""]",6,A1,8739360,0,0,14174,127792,1398926,4175172,1869424,992569,80965,44108,245440,527361,1583028,2877316,1390581,763309,169467
0ec7dcf1,"[""0x47""]",6,A1,8739360,0,4136,231213,1031827,2515779,2844646,1066570,449807,2260,27095,216162,524502,1687043,2621880,1133733,591896,130195
10349a42,"[""0x47""]",6,A1,8739360,0,4255,240043,1061891,2560908,2986555,1180273,531503,11284,57292,314101,652643,1765860,2606735,1171395,639451,142697
11476b01,"[""0xE8""]",6,A1,8739360,2,0,7684,89044,674128,3508952,1656684,772368,124555,102956,506147,1000977,2431459,1931879,654154,278788,38340
1323c479,"[""0x2C""]",6,A1,8739360,0,2,11229,88210,503075,4882013,2665136,1605618,532582,28739,220210,521232,1595868,2728725,1259749,684565,151191
15353008,"[""0x06""]",6,A1,8739360,0,3256,59916,277311,1547048,1556188,578197,231583,0,29388,230483,548574,1639952,2736680,1260479,688302,161136
1977316a,"[""0xE8""]",6,A1,8739360,1,4129,62141,177877,701638,1104137,555287,288871,41360,63709,370068,781242,2088309,2116559,770540,343253,51580
1bb98c9c,"[""0xE8""]",6,A1,8739360,3,4019,52697,144248,716256,1022367,517441,260138,18788,45855,316259,707358,1990856,2200417,793114,350893,49966
1df1418f,"[""0x2B"", ""0x4D""]",6,A1,8739360,1,48,21853,109768,791178,3808015,2114486,1290901,380383,48793,298201,650688,1847025,2512113,1055688,540395,102029
1e873b88,"[""0x2B""]",6,A1,8739360,0,0,11848,84347,507647,4118799,2208531,1180395,97062,26900,215793,517982,1600974,2750218,1267247,683495,145996
1fdd9f06,"[""0xE8""]",6,A1,8739360,2,24,19819,114039,619425,3716311,1544382,691161,47148,160188,701529,1279059,2761417,1709115,559583,235368,29093
27c9f7d8,"[""0x2C""]",6,A1,8739360,0,99,17211,98432,650138,3486791,1519584,827134,226195,26489,241965,582960,1745307,2476291,1033497,520612,104969
27d8c27d,"[""0x2C""]",6,A1,8739360,0,216,26143,100266,668982,2710325,1480843,565113,74378,44229,300560,675677,1944394,2360668,925379,435941,73887
2b8d88ba,"[""0x3C""]",6,A1,8739360,1,1543,112003,475129,1572760,4311361,2137223,1245049,268444,10082,122866,331392,1183562,3210732,1666622,1002584,276665
2d1a0fd5,"[""0x2B"", ""0x4D"", ""0x71""]",6,A1,8739360,0,186,36461,164806,1513198,4381963,2178526,1376987,541937,24720,182198,433182,1405840,3063927,1561029,930510,252037
364d8813,"[""0x06""]",6,A1,8739360,0,487,20920,95643,548890,3246678,1609601,797782,88417,151094,652217,1223900,2798184,1742081,512066,200464,20239
3ff42dea,"[""0x2B""]",6,A1,8739360,1,2324,42339,116683,507205,2236035,787300,170773,0,58571,353359,757829,2071802,2299410,903759,432488,78176
461f6e8c,"[""0x2B"", ""0x4D"", ""0x71""]",6,A1,8739360,1,391,30336,122807,675772,2284911,1053213,598996,202182,63828,369381,771967,2094083,2245229,854093,400030,62320
498a9089,"[""0x8E""]",6,A1,8739360,1,3,18171,121929,898665,3399379,1695229,793132,109406,79589,427565,866903,2132689,2281043,945941,475749,90304
59849fd9,"[""0x06""]",6,A1,8739360,1,4710,55657,162908,693044,1344122,449359,0,0,87621,452305,903942,2268156,2193434,856612,418607,77042
67eaf262,"[""0x3C""]",6,A1,8739360,1,79,35767,226049,1230025,3142120,1361093,723928,163189,27780,245559,583964,1741541,2462650,1027922,514492,100114
687b8380,"[""0x3C""]",6,A1,8739360,1,9,13665,134148,998287,4729087,2442527,1397988,516255,38402,275557,625766,1836546,2496084,1040306,516041,96086
6c760541,"[""0x8E""]",6,A1,8739360,1,4016,60090,176244,795638,2088097,1127498,599962,167907,27635,223151,528463,1639444,2650938,1176743,618933,130181
6f156a51,"[""0x3C""]",6,A1,8739360,1,1282,103831,450378,1483126,4696471,2383485,1364861,397066,15719,146327,373913,1248921,3225799,1701353,1041072,304463
87c860fb,"[""0x66""]",6,A1,8739360,1,3733,80781,255564,1061422,2069268,490321,35778,0,56537,349393,751483,2070118,2271501,870962,413889,71720
8f5136c1,"[""0x71""]",6,A1,8739360,0,2,9742,92770,724403,5149160,2390144,1378368,366876,100611,524365,1031539,2450952,1943203,713908,327824,50009
8f92f4fb,"[""0x71""]",6,A1,8739360,0,4,11750,106319,1238468,4584267,2123131,1103300,61859,40010,273258,627921,1853814,2325222,960633,481337,91717
a512820e,"[""0x17""]",6,A1,8739360,1,219,39369,292106,1270528,1871395,813706,410748,5172,28327,225744,523400,1561438,2761350,1279693,698884,155675
a60f23fb,"[""0x17""]",6,A1,8739360,4,23,25569,247801,1205818,2061881,760210,342634,3239,15886,157912,408089,1375479,2940716,1408812,790198,187056
acfb5670,"[""0x17""]",6,A1,8739360,1,45,24915,237182,1374713,2230909,847474,469260,44138,21929,187350,447763,1434859,2898158,1375635,761357,183357
b466eedb,"[""0x17""]",6,A1,8739360,4,21,28475,269721,1498155,2180691,880300,475111,32190,25531,200474,478605,1468427,2865489,1361428,758328,181135
0012834e,"[""0x06""]",7,A2,10000000,1,36,8299,58866,323260,1052316,410659,212468,71457,50054,340938,772271,2163013,2866037,1198271,620060,130528
00175049,"[""0x07""]",7,A1,10000000,0,3710,58175,218763,749770,0,0,0,0,43255,314902,717429,2089657,2923716,1275789,675144,141459
002e324d,"[""0x03""]",7,A1,10000000,1,53120,308842,740935,4979140,0,0,0,0,303190,1075917,1824128,3611342,1490204,471698,198543,27556
0043547c,"[""0x03""]",7,A1,10000000,0,193605,911589,1836202,3890988,1333748,324348,59095,12902,219218,911954,1670724,3583328,1409403,337180,113803,8707
0051bf46,"[""0x03""]",7,A1,10000000,0,208579,2440808,4602985,7087482,0,0,0,0,70567,419810,837280,2176948,2726664,1258866,694325,181207
006bb422,"[""0x07""]",7,A1,10000000,0,5,19052,195530,1497524,2092713,978949,527540,16163,96996,523044,1059072,2685768,2164021,738021,316779,41913
0070f10b,"[""0x47""]",7,A2,10000000,0,856,17519,82671,441529,3222863,1312738,555721,92318,155411,736571,1420636,3284778,1613970,464894,186724,22152
00930f32,"[""0x17""]",7,A1,10000000,2,0,3937,61433,2852044,3587610,1131725,629324,213350,110822,585839,1154160,2765812,2210271,801347,365548,61609
009d5d18,"[""0x1B""]",7,A1,10000000,0,0,1202,55843,368667,5186410,2170090,970705,160484,168163,734546,1373708,3106231,1744525,534006,228483,30286
00a8f4fe,"[""0x6D""]",7,A1,10000000,0,0,453,33178,344810,6423796,3076198,1451873,183775,41035,281952,643779,1912932,3153584,1431875,772926,175860
00b0114d,"[""0x47"", ""0x1B""]",7,A1,10000000,0,1433,38983,204753,1072437,2734155,1329522,661584,116703,59594,399154,856703,2257591,2807336,1184827,605595,130134
00d162df,"[""0x47"", ""0x1B""]",7,A2,10000000,0,427,16229,89324,1077265,1220326,413615,83062,1346,139988,719089,1396903,3176852,1684393,453679,179130,18007
00d368d4,"[""0x03""]",7,A1,10000000,1,7425,153406,619499,1836513,3073791,12,0,0,155753,691118,1294119,2975981,1925546,666336,303201,50059
00db8011,"[""0x03""]",7,A1,10000000,0,31835,277177,780355,3346438,0,0,0,0,128447,618096,1204696,2857001,2093266,710419,306695,42897
00f7ae8d,"[""0x0F""]",7,A1,10000000,1,1222175,4581665,6055517,9785520,0,0,0,0,287920,1049494,1798580,3550251,1588722,477629,193419,26116
011f8a14,"[""0x06""]",7,A2,10000000,1,394,16336,75524,304006,1601001,607670,258299,31654,28779,223848,533071,1730608,3418434,1608835,876664,196897
013f5616,"[""0x8E""]",7,A1,10000000,0,39,13360,91692,426533,1957162,535850,258837,79144,146758,711659,1341576,2988795,1973368,656617,274725,38398
01665019,"[""0x33""]",7,A1,10000000,1,2136222,4611400,6091452,9622960,0,0,0,0,37949,300252,699201,2062922,2748646,1178561,616903,135029
017c44d7,"[""0x1B""]",7,A1,10000000,0,0,15225,264750,1353605,3648914,1590862,846893,207132,74363,435812,920139,2412709,2508067,950669,456311,80021
01874d6e,"[""0x33""]",7,A1,10000000,0,294711,2733030,5141595,10000000,0,0,0,0,61996,400932,855875,2247045,2835475,1235536,644069,144809
018c9f36,"[""0x07""]",7,A1,10000000,0,43120,375755,1054569,2242441,0,0,0,0,66284,403038,866932,2349931,2495649,971806,463459,78896
01a3ec20,"[""0x33""]",7,A1,10000000,0,17083,296451,838314,1601873,3330870,0,0,0,196133,763129,1385003,3047989,2055327,710099,317251,48808
01a74816,"[""0x07""]",7,A1,10000000,1,1416,37307,154176,603184,0,0,0,0,101329,578416,1204666,2981986,1899202,565036,231004,31565
01c4e3b3,"[""0x07""]",7,A1,10000000,1,21,19229,159556,715435,1707326,759179,378263,76421,65628,420907,918566,2506209,2300678,809706,369998,63934
01ec5f09,"[""0x0F""]",7,A1,10000000,1,834934,3969299,5661613,7409788,0,0,0,0,149153,732504,1416773,3244762,1639380,520245,228550,39550
01f4a154,"[""0x77""]",7,A1,10000000,0,15544,887599,2808446,5849870,0,0,0,0,129386,608673,1202094,2918791,2136024,739806,320669,41648
0201c198,"[""0x47""]",7,A1,10000000,0,111,63373,576162,1613285,3088827,756174,280244,8551,31581,229244,530301,1682257,3399143,1620229,904073,222068
022059b9,"[""0x17""]",7,A1,10000000,1,0,6157,68215,3254357,3622301,1173098,657710,261882,121733,612531,1213328,2882364,2137400,741327,316248,40740
024eae69,"[""0x17""]",7,A1,10000000,3,0,1411,54124,553022,3881836,1072082,457847,100098,30352,240722,596989,1943003,3038772,1283677,648625,125647
0271424b,"[""0x8E""]",7,A2,10000000,0,1567,20575,86968,559645,859024,258222,26798,38,87197,523032,1091048,2768997,2207122,787022,356720,56937
027ce22d,"[""0x06""]",7,A2,10000000,1,270,15140,72195,356684,545507,120398,14819,502,141848,728448,1382891,3086674,1937059,644763,270965,35746
02b5456c,"[""0x1B""]",7,A1,10000000,0,6,11900,238546,1169345,3589291,899225,206452,24183,67487,404277,863856,2315194,2694020,1080121,530103,98363
02d9736d,"[""0x2B"", ""0x4D"", ""0x71""]",7,A1,10000000,0,10,24818,223231,2389757,4555872,2436570,1493360,257646,36734,313413,736370,2184633,2745425,1047255,491566,77855
02ff08e5,"[""0x0F""]",7,A1,10000000,0,98967,581201,1320825,5913518,1116995,0,0,0,98914,477602,956779,2409718,2677119,1097332,551115,101280
032fb3a9,"[""0x17""]",7,A1,10000000,4,0,2508,51280,616094,2866982,280984,53334,14600,99818,524672,1050604,2640162,2140644,704464,294864,33274
03442896,"[""0xEE""]",7,A1,10000000,1,93603,1115757,2852353,6225097,2184555,669457,118821,15893,106697,577418,1162917,2864165,1964583,598168,242513,31041
039d4a44,"[""0xE8""]",7,A1,10000000,2,2760,58266,291841,1685047,1148890,578051,269216,40973,29748,244788,591309,1842741,3090168,1345465,714890,144605
045b97cd,"[""0x0F""]",7,A1,10000000,0,1198713,4374389,5758622,9948479,0,0,0,0,62385,387259,840837,2299893,2690042,1095776,541401,100595
046dc60c,"[""0x0F""]",7,A1,10000000,0,232554,2813125,5287495,7412258,496537,0,0,0,471696,1454328,2317164,4077417,1188197,299950,111037,10274
048334c7,"[""0x17""]",7,A1,10000000,0,37,33784,361949,1676755,1944448,815609,370610,5194,20300,182364,449217,1474539,3630474,1815486,1035465,268383
0492607b,"[""0xCC""]",7,A1,10000000,1,246721,1062857,2055456,4687954,331873,0,0,0,246057,956421,1699475,3519516,1679864,510878,210057,26132
069067ff,"[""0xEE""]",7,A1,10000000,1,372750,1835844,3444942,6587683,337489,0,0,0,181248,819108,1549862,3438503,1576519,462120,183295,21695
07012647,"[""0xEE""]",7,A1,10000000,0,367609,1747084,3176773,4798636,35,0,0,0,98281,544763,1110835,2787920,2093965,709597,303596,40621
076290ad,"[""0x71""]",7,A1,10000000,1,294,25568,172160,854976,2643996,1230986,668245,190001,34598,269753,620543,1860898,3182358,1458720,791074,182089
076cf7ed,"[""0x2B"", ""0x4D""]",7,A2,10000000,1,0,4245,48109,1264225,5611636,2725181,1619186,405714,13132,156608,415262,1463799,3716321,1883639,1100429,307992
08077746,"[""0xEE""]",7,A1,10000000,1,437798,2051232,3679736,6059262,0,0,0,0,165998,752894,1422103,3212037,1806426,537559,217896,25013
083ff9a8,"[""0x8E""]",7,A2,10000000,0,393,22881,118731,896712,2817757,1182571,638715,87373,10608,121818,338537,1268365,3973279,2142415,1314330,402838
0857254f,"[""0x77""]",7,A1,10000000,0,60,36959,319652,5572127,2546677,945310,381041,2018,45688,307653,696371,2019483,2900148,1254010,656360,136027
0869e90d,"[""0x47""]",7,A1,10000000,0,85,43242,344857,1346402,3307798,875494,417130,0,46311,286581,621793,1837467,3259483,1518956,830034,191257
08c0d645,"[""0xEE""]",7,A1,10000000,1,45255,339391,866857,2391610,972772,18415,0,0,205788,827535,1511536,3298590,1607480,448230,171766,18279
0973762a,"[""0x4D""]",7,A1,10000000,1,0,9698,209086,1689659,4232592,2130764,1033596,146559,48882,332884,750076,2162962,2779108,1111168,538295,97490
09a32db6,"[""0x77""]",7,A1,10000000,0,6259,491018,1985750,3998273,447860,190,0,0,128552,605118,1199594,2908218,2138925,736526,334891,52277
09d17748,"[""0x06""]",7,A1,10000000,0,65,8028,59152,421023,2393499,766863,337092,53501,90318,496183,993730,2482719,2525877,974112,456033,79141
09f55c47,"[""0x77""]",7,A1,10000000,0,10653,931774,3272775,7011738,398553,6405,2,0,74103,406546,859712,2299586,2590944,1081782,563350,117190
0a095a06,"[""0x77""]",7,A1,10000000,0,2196,777930,2469359,4961630,0,0,0,0,96471,494717,985763,2479960,2489907,989346,487455,92781
0a4ff245,"[""0x2C""]",7,A1,10000000,0,0,6122,78092,385097,4795867,2121117,1194836,324148,119181,581139,1100366,2642838,2290940,897510,448637,89943
0b104926,"[""0x4D""]",7,A1,10000000,1,0,5235,133581,2557517,4655297,2479392,1365486,183824,36623,264914,612786,1866383,3083320,1383841,744442,164494
0b2e82b8,"[""0x3C""]",7,A1,10000000,0,10,29002,205972,826658,4651854,2076183,1083337,207210,48862,349822,757858,2070240,2797173,1219349,649989,146002
0ed03332,"[""0x2C""]",7,A1,10000000,0,0,4895,71291,341182,4989874,2094497,1110641,160207,83122,472700,958336,2426708,2519108,998428,492314,92782
0f20a32d,"[""0x8E""]",7,A1,10000000,1,26,8374,57019,283816,2633069,1050005,562547,94416,75174,436261,934050,2483769,2399435,885203,408825,69373
0fb754cb,"[""0x8E""]",7,A2,10000000,1,222,14929,75926,287247,2969266,1263716,536920,0,32854,223592,521262,1737915,3365963,1558482,828934,173600
0ff5e006,"[""0x2C""]",7,A1,10000000,0,13,5345,52793,2433008,4930385,2154346,1161112,186939,72243,456460,956388,2434016,2601860,1065840,536453,103297
104e83a9,"[""0x3C""]",7,A1,10000000,0,9,31931,265235,1158151,3386030,1412785,714459,156786,69606,413067,881085,2397116,2642085,1048586,514369,91356
13136e2d,"[""0x3C""]",7,A1,10000000,1,1,41420,286180,945761,3965172,1873215,1056944,173629,124043,600188,1157176,2777687,2284221,855079,408551,74482
1408b6bc,"[""0x3C""]",7,A1,10000000,0,7837,122443,416780,1102564,1215968,344852,33908,0,77162,424038,888350,2376725,2635437,1002163,472182,82005
143b51d3,"[""0x3C""]",7,A1,10000000,0,145,48168,275636,891866,4042031,1972751,1172374,349636,55908,376492,837755,2323187,2741280,1104792,549700,99694
161d9514,"[""0x2C""]",7,A1,10000000,0,0,6244,115147,803356,4743472,2076789,993267,150885,177527,741115,1377899,3006461,2103165,733635,328200,52341
186e103b,"[""0x2B""]",7,A1,10000000,0,1,6807,115910,1367636,2383101,723053,254475,14135,14619,160032,432024,1535393,3561587,1721663,974197,248256
187bbd1c,"[""0x2C""]",7,A1,10000000,0,1977,48855,223017,954274,1378126,504329,187771,6432,73709,426429,890164,2332727,2665978,1102221,570097,118088
1f7306eb,"[""0x2B"", ""0x71""]",7,A1,10000000,0,0,1000,36875,1240918,5032443,2615112,1571968,653882,58968,386832,843216,2335276,2580200,992885,475344,81558
2905552f,"[""0x2B"", ""0x4D"", ""0x71""]",7,A1,10000000,0,1292,50662,238523,931792,2401159,1017582,224717,0,44138,302462,674143,1940310,3162951,1449737,793175,184624
4f845bff,"[""0xE8""]",7,A1,10000000,3,1898,49754,227209,727001,1179795,577633,312871,109476,30281,246926,590616,1846728,3094537,1358248,707662,154903
4fc3e01f,"[""0x66""]",7,A1,10000000,1,0,9041,177852,1013634,3382434,1391035,750903,22257,46348,314205,696092,2008461,2990089,1320311,717267,158762
58cd788d,"[""0x66""]",7,A1,10000000,1,0,11126,193750,2329302,3273585,1283203,514780,924,48189,309688,687230,2002728,2946772,1270282,661745,134139
62c3e40b,"[""0x6D""]",7,A1,10000000,0,0,97,24688,348612,5994695,2795090,1236434,149164,51393,322322,707743,2059736,3009123,1292096,661745,142021
810fcebd,"[""0xE8""]",7,A1,10000000,2,233,17476,96873,623252,3329435,1802498,1210405,635516,211702,869311,1572633,3369453,1645382,442547,164878,16980
a33c0bce,"[""0x6D""]",7,A1,10000000,0,0,330,33028,263269,6277194,3110006,1673519,318472,118771,558765,1090963,2638254,2470258,930651,432494,66895
a56bf54d,"[""0x6D""]",7,A1,10000000,1,0,131,28582,662961,6262627,2911998,1346864,212639,48293,309810,693055,2046508,3035397,1280022,630273,115434
a987d27b,"[""0x6D""]",7,A1,10000000,0,0,574,30077,221329,6106635,3010344,1652086,462078,45122,313364,716554,2078650,2956091,1271280,653430,123114
c1e19df0,"[""0x66""]",7,A1,10000000,0,0,99338,697421,2286168,4508162,1930176,937803,94984,184527,746814,1361791,3005979,2066295,762630,365418,65534
e42ec999,"[""0xE8""]",7,A1,10000000,0,908,40447,199994,2442334,3340452,1409178,778562,173530,30971,259860,620559,1926709,3058563,1360072,714276,155280
e697dccd,"[""0x66""]",7,A1,10000000,1,0,17770,197807,1872963,5055269,2415647,1423130,481257,239968,873114,1513016,3129035,2020112,760603,366979,69368
