part_name,NOT-early,NOT-middle,NOT-late,NOR-early,NOR-middle,NOR-late
PhlF/P1,-2.19,-2.45,-1.86,-2.67,-2.62,-2.63
SrpR/S1,-1.19,-2.1,-0.97,-2.13,-1.92,-2.22
HlyIIR/H1,-0.99,-1.53,-1.33,-1.97,-1.91,-1.98
LitR/L1,-1.06,-1.51,-1.46,-1.93,-1.9,-1.98
LmrA/N1,-1.03,-1.39,-1.79,-1.85,-2.14,-2.06
BM3R1/B1,-0.42,-0.09,1.0,-0.47,-0.08,0.1
AmeR/F1,0.32,0.16,-7.33,0.12,0.05,-0.16
QacR/Q2,0.06,0.11,-0.02,0.16,0.21,0.24
PsrA/R1,0.32,0.41,-1.01,0.31,0.46,0.39
BM3R1/B3,0.16,0.29,1.38,0.29,0.48,0.5
QacR/Q1,0.24,0.4,1.13,0.34,0.65,0.74
BM3R1/B2,0.17,0.36,0.61,0.35,0.55,0.51
IcaRA/I1,0.32,0.58,-0.59,0.47,0.53,0.49
BetI/E1,0.33,0.47,0.5,0.46,0.57,0.53
SrpR/S3,0.4,0.57,-0.61,0.54,0.59,0.64
AmtR/A1,0.32,0.69,0.73,0.49,0.86,0.88
SrpR/S2,0.47,0.61,-0.55,0.6,0.71,0.74
SrpR/S4,0.56,0.73,1.23,0.68,0.92,0.91
PhlF/P3,0.39,0.67,1.4,0.61,1.03,1.18
PhlF/P2,0.45,0.73,1.49,0.65,1.12,1.31
